C,D,E,F,G,H,I,Q,R,X,Y
PLANT1-UNIT145-GROUNDWATERREMEDIATION/WELLS,PLANT1-SURGEBASIN,OILYWATER,PLANT1-VACPAD,NO,VAC PAD,NO,All Groundwater,YES,Remediation Oil,YES
,,,,NO,VAC PAD,NO,All Groundwater,NO,Remediation Oil,YES
,,,,NO,NA,NO,All Groundwater,YES,Remediation Oil,NO
,,,,NO,NA,NO,All Groundwater,YES,Remediation Oil,YES
PLANT1-UNIT008-#1OMDTANKFARM,PLANT1-TANK3801-WATERDRAW,OILYWATER,PLANT1-VACPAD,NO,VAC PAD,NO,Ultra Low Sulfur Diesel,NO,Ultra Low Sulfur Diesel,NO
,,,,yes,VAC PAD,NO,Ultra Low Sulfur Diesel,NO,Ultra Low Sulfur Diesel,NO
PLANT1-UNIT008-#1OMDTANKFARM,PLANT1-SPIDERBOXOMD,OILYWATER,PLANT1-VACPAD,YES,VAC PAD,NO,"Spider Sump, Aqueous Layer",NO,"Spider Sump, Oil Layer",NO
,,,,YES,VAC PAD,NO,All Groundwater,YES,Remediation Oil,YES
,,,,YES,VAC PAD,NO,TK-4507 Waste Water Tank,YES,TK-4507 Waste Water Tank,NO
PLANT2-UNIT210-#2OMDTANKFARM,PLANT2-CRUDEDOCKSSUMP,OILYWATER,PLANT1-VACPAD,NO,VAC PAD,YES,Crude,NO,Crude,NO
,,,,NO,VAC PAD,NO,Crude,NO,Crude,NO
METRO,METRO-EASTOFTHEDITCH,OILYWATER,PLANT1-VACPAD,YES,VAC PAD,NO,All Groundwater,YES,Remediation Oil,YES
,,,,YES,VAC PAD,NO,Crude,NO,Crude,NO
,,,,YES,VAC PAD,NO,All Groundwater,YES,All Groundwater,YES
METRO,METRO-WESTOFTHEDITCH,OILYWATER,PLANT1-VACPAD,NO,VAC PAD,NO,All Groundwater,YES,Remediation Oil,YES
,,,,YES,VAC PAD,NO,All Groundwater,YES,Remediation Oil,YES
PLANT1-NORTHOFTHEFENCELINE,P1N-MONITORINGTRENCHESNORTHOFPOND/SWALE,OILYWATER,PLANT1-VACPAD,YES,VAC PAD,NO,All Groundwater,YES,Remediation Oil,YES
,,,,NO,VAC PAD,NO,All Groundwater,YES,Remediation Oil,YES
PLANT1-NORTHOFTHEFENCELINE,P1N-SUMPS/WELLS/TRENCHES(CLEANTRUCK),OILYWATER,PLANT1-VACPAD,YES,VAC PAD,NO,All Groundwater,YES,Remediation Oil,YES
,,,,YES,VAC PAD,NO,Crude,NO,Crude,NO
,,,,YES,VAC PAD,YES,All Groundwater,YES,All Groundwater,YES
PLANT1-UNIT039-FLARE,PLANT1-FLARESUMP,WATER,PLANT1-VACPAD,NO,VAC PAD,NO,"Knockout Water, Fuel Gas (Hydrocraker)",NO,"Knockout Water, Fuel Gas (Hydrocraker)",NO
,,,,YES,VAC PAD,NO,"Knockout Water, Fuel Gas (Hydrocraker)",NO,"Knockout Water, Fuel Gas (Hydrocraker)",NO
,,,,NO,NA,NO,"Knockout Water, Fuel Gas (Hydrocraker)",NO,"Knockout Water, Fuel Gas (Hydrocraker)",NO
PLANT1-UNIT145-GROUNDWATERREMEDIATION/WELLS,PLANT1-SURGEBASIN,SLUDGEANDWATER,PLANT1-VACPAD,NO,VAC PAD,NO,Sludge,NO,Sludge,NO
,,,,NO,NA,NO,Sludge,NO,Sludge,NO
PLANT1-UNIT045-WASTEWATERPLANT(WWTP),PLANT1-TANK4516,OIL,PLANT1-CENTRIFUGEFRACTANKS,YES,TO,NO,TK-4516 Slop Oil Tank Aqueous,NO,TK-4516 Slop Oil Tank,YES
,,,,YES,TO,NO,TK-4516 Slop Oil Tank,NO,TK-4516 Slop Oil Tank,YES
PLANT1-UNIT045-WASTEWATERPLANT(WWTP),PLANT1-TANK4508-DGF,OILYWATER,PLANT1-VACPAD,YES,VAC PAD,NO,TK-4507 Waste Water Tank,YES,TK-4507 Waste Water Tank,NO
,,,,YES,VAC PAD,NO,TK-4507 Waste Water Tank,NO,TK-4507 Waste Water Tank,NO
PLANT2-UNIT210-#2OMDTANKFARM,PLANT2-TANK26-WATERDRAW,OILYWATER,PLANT1-VACPAD,YES,VAC PAD,NO,Crude,NO,Crude,NO
,,,,YES,VAC PAD,NO,CRUDE,NO,CRUDE,NO
PLANT2-UNIT210-#2OMDTANKFARM,PLANT2-TANK20-WATERDRAW,OILYWATER,PLANT1-VACPAD,NO,VAC PAD,NO,Slop Oil Tank 20,NO,Slop Oil Tank 20,NO
,,,,YES,VAC PAD,NO,Slop Oil Tank 20,NO,Slop Oil Tank 20,NO
,,,,NO,VAC PAD,NO,Tank 20 Water Draw,NO,Tank 20 Water Draw,NO
PLANT1-UNIT039-FLARE,PLANT1-DRUMD-322CONTAINMENT-STORMWATER/WATER,WATER,PLANT1-VACPAD,NO,VAC PAD,NO,Stormwater,NO,Stormwater,NO
,,,,YES,VAC PAD,NO,Stormwater,NO,Stormwater,NO
,,,,NO,NA,NO,Stormwater,NO,Stormwater,NO
PLANT1-UNIT045-WASTEWATERPLANT(WWTP),PLANT1-TANK4508-DGF,WATER,PLANT1-VACPAD,YES,VAC PAD,NO,TK-4507 Waste Water Tank,YES,TK-4507 Waste Water Tank,NO
,,,,YES,VAC PAD,NO,TK-4507 Waste Water Tank,NO,TK-4507 Waste Water Tank,NO
CRUDEDOCKSUNLOADING,CRUDEDOCKS-UNDERGROUNDTANK-TANK101,OILYWATER,PLANT1-VACPAD,NO,VAC PAD,YES,T-101 Underground Storage Tank Aqueous,YES,T-101 Underground Storage Tank Oil,NO
,,,,YES,VAC PAD,NO,T-101 Underground Storage Tank Aqueous,YES,T-101 Underground Storage Tank Oil,NO
,,,,NO,NA,YES,T-101 Underground Storage Tank Aqueous,YES,T-101 Underground Storage Tank Oil,NO
PLANT3-UNIT032-ASPHALTBLENDINGANDLOADING,PLANT3-AUGASOILPADPUMPCONTAINMENT,WATER,PLANT1-VACPAD,NO,VAC PAD,NO,Gas Oil,NO,Gas Oil,NO
,,,,NO,VAC PAD,NO,Stormwater,NO,Stormwater,NO
PLANT1-UNIT045-WASTEWATERPLANT(WWTP),PLANT1-TANK4504-DGF,OIL,PLANT1-CENTRIFUGEFRACTANKS,YES,TO,NO,TK-4507 Waste Water Tank,YES,TK-4507 Waste Water Tank,NO
,,,,YES,TO,NO,TK-4507 Waste Water Tank,NO,TK-4507 Waste Water Tank,NO
PLANT1-UNIT008-#1OMDTANKFARM,PLANT1-TANK72-SUMP/WATERDRAW,OILYWATER,PLANT1-VACPAD,NO,VAC PAD,NO,Ultra Low Sulfur Diesel,NO,Ultra Low Sulfur Diesel,NO
,,,,YES,VAC PAD,NO,Ultra Low Sulfur Diesel,NO,Ultra Low Sulfur Diesel,NO
,,,,NO,VAC PAD,NO,Stormwater,NO,Stormwater,NO
PLANT1-UNIT008-#1OMDTANKFARM,PLANT1-TANK74-WATERDRAW,OILYWATER,PLANT1-VACPAD,NO,VAC PAD,NO,Jet,NO,Jet,NO
,,,,YES,VAC PAD,NO,Jet,NO,Jet,NO
,,,,YES,NA,NO,Jet,NO,Jet,NO
,,,,NO,VAC PAD,NO,Diesel,NO,Diesel,NO
PLANT1-UNIT008-#1OMDTANKFARM,PLANT1-TANK70-WATERDRAW,OILYWATER,PLANT1-VACPAD,YES,VAC PAD,NO,Reformate,NO,Reformate,NO
,,,,YES,VAC PAD,NO,REFORMATE,NO,REFORMATE,NO
PLANT1-UNIT008-#1OMDTANKFARM,PLANT1-TANK64/65/66-WATERDRAW,OILYWATER,PLANT1-VACPAD,NO,VAC PAD,NO,Diesel,NO,Diesel,NO
,,,,YES,VAC PAD,NO,Diesel,NO,Diesel,NO
PLANT1-UNIT008-#1OMDTANKFARM,PLANT1-CRUDEUNLOADINGSUMP,OILYWATER,PLANT1-VACPAD,NO,VAC PAD,NO,Crude,NO,Crude,NO
,,,,YES,VAC PAD,NO,Crude,NO,Crude,NO
,,,,NO,NA,NO,Crude,NO,Crude,NO
,,,,NO,VAC PAD,NO,CRUDE,NO,CRUDE,NO
PLANT2-UNIT210-#2OMDTANKFARM,PLANT2-SAMPLEPOINTS#2OMD,OILYWATER,PLANT1-VACPAD,NO,VAC PAD,NO,Slop Oil Tank 20,NO,Slop Oil Tank 20,NO
,,,,YES,VAC PAD,NO,Slop Oil Tank 20,NO,Slop Oil Tank 20,NO
,,,,NO,VAC PAD,NO,Tank 20 Water Draw,NO,Tank 20 Water Draw,NO
,,,,NO,VAC PAD,NO,Tank 20 Water Draw,NO,Slop Oil Tank 20,NO
PLANT1-UNIT008-#1OMDTANKFARM,PLANT1-DRUMD-815MATERIAL,DIESEL,PLANT1-TANK58,YES,TO,NO,Diesel,NO,Diesel,NO
,,,,YES,TK-58,NO,Diesel,NO,Diesel,NO
,,,,YES,TK-58,NO,DIESEL,NO,DIESEL,NO
,,,,YES,VAC PAD,NO,Diesel,NO,Diesel,NO
PLANT1-UNIT039-FLARE,PLANT1-DRUMD-3901MATERIAL,SOURWATER,PLANT1-DRUMD-3901,YES,PLANT 1 - DRUM D-3901,NO,Sour Water,NO,Sour Water,NO
,,,,YES,D-3901,NO,"Knockout Water, Fuel Gas (Hydrocraker)",NO,"Knockout Water, Fuel Gas (Hydrocraker)",NO
,,,,YES,D-3901,NO,Sour Water,NO,Sour Water,NO
PLANT1-UNIT045-WASTEWATERPLANT(WWTP),PLANT1-SAMPLEPOINTS-ENVIRONMENTAL,OILYWATER,PLANT1-VACPAD,NO,VAC PAD,NO,TK-4507 Waste Water Tank,NO,TK-4507 Waste Water Tank,NO
,,,,NO,VAC PAD,NO,Slop Oil Tank 20,NO,Slop Oil Tank 20,NO
,,,,YES,VAC PAD,NO,TK-4507 Waste Water Tank,NO,TK-4507 Waste Water Tank,NO
,,,,NO,NA,NO,TK-4507 Waste Water Tank,YES,TK-4507 Waste Water Tank,YES
,,,,NO,NA,NO,TK-4507 Waste Water Tank,NO,TK-4507 Waste Water Tank,NO
PLANT1-NORTHOFTHEFENCELINE,P1N-SUMPS/WELLS/TRENCHES(CLEANTRUCK),GASOLINE,PLANT2-TANK20,YES,TANK 20,NO,All Groundwater,YES,Remediation Oil,YES
,,,,YES,Tank 20,NO,All Groundwater,YES,Remediation Oil,YES
PLANT1-NORTHOFTHEFENCELINE,P1N-TANK29,GASOLINE,PLANT2-TANK20,YES,TANK 20,NO,All Groundwater,YES,Remediation Oil,YES
,,,,YES,Tank 20,NO,All Groundwater,YES,Remediation Oil,YES
PLANT1-NORTHOFTHEFENCELINE,P1N-TANK31,GASOLINE,PLANT2-TANK20,YES,TANK 20,NO,All Groundwater,YES,Remediation Oil,YES
,,,,YES,Tank 20,NO,All Groundwater,YES,Remediation Oil,YES
PLANT1-UNIT145-GROUNDWATERREMEDIATION/WELLS,GWTSTANK7,GASOLINE,PLANT2-TANK20,YES,TANK 20,NO,All Groundwater,YES,Remediation Oil,YES
,,,,YES,Tank 20,NO,All Groundwater,YES,Remediation Oil,YES
PLANT1-UNIT145-GROUNDWATERREMEDIATION/WELLS,GWTSTANK8,GASOLINE,PLANT2-TANK20,YES,TANK 20,NO,All Groundwater,YES,Remediation Oil,YES
,,,,YES,Tank 20,NO,All Groundwater,YES,Remediation Oil,YES
DENVERTRUCKTERMINAL,DENVERTERMINAL-6000GALSLOPTANK,OILYWATER,PLANT1-VACPAD,NO,VAC PAD,YES,Denver Truck Terminal Aqueous,YES,Denver Truck Terminal Oil,YES
,,,,NO,NA,YES,Denver Truck Terminal Aqueous,YES,Denver Truck Terminal Oil,YES
DENVERTRUCKTERMINAL,DENVERTERMINAL-6000GALSLOPTANK,DIESELANDGAS,PLANT2-TANK20,NO,TANK 20,YES,Denver Truck Terminal Aqueous,YES,Denver Truck Terminal Oil,YES
,,,,NO,TO,YES,Denver Truck Terminal Aqueous,YES,Denver Truck Terminal Oil,YES
,,,,NO,Tank 20,YES,Denver Truck Terminal Aqueous,YES,Denver Truck Terminal Oil,YES
PLANT3-UNIT032-ASPHALTBLENDINGANDLOADING,PLANT3-CPI,SOURWATER,PLANT1-VACPAD,NO,VAC PAD,NO,Sour Water,NO,Sour Water,NO
,,,,NO,VAC PAD,NO,Raw Sour Water,NO,Raw Sour Water,NO
PLANT1-NORTHOFTHEFENCELINE,P1N-TANK4(CLEANTRUCK),GASOLINE,PLANT2-TANK20,YES,TANK 20,NO,All Groundwater,YES,Remediation Oil,YES
,,,,YES,Tank 20,NO,All Groundwater,YES,Remediation Oil,YES
PLANT1-UNIT145-GROUNDWATERREMEDIATION/WELLS,GWTSTANK5,GASOLINE,PLANT2-TANK20,YES,TANK 20,NO,All Groundwater,YES,Remediation Oil,YES
,,,,YES,Tank 20,NO,All Groundwater,YES,Remediation Oil,YES
PLANT3-UNIT032-ASPHALTBLENDINGANDLOADING,PLANT3-CPICONTAINMENT,OILYWATER,PLANT1-VACPAD,NO,VAC PAD,NO,Stormwater,NO,Stormwater,NO
,,,,YES,VAC PAD,NO,Stormwater,NO,Stormwater,NO
,,,,NO,NA,NO,Stormwater,NO,Stormwater,NO
,,,,NO,VAC PAD,NO,CPI Effluent Aqueous,YES,CPI Effluent Oil,NO
PLANT3-UNIT032-ASPHALTBLENDINGANDLOADING,PLANT3-VAPORBBLS,OILYWATER,PLANT1-VACPAD,NO,VAC PAD,NO,Gas Oil,NO,Gas Oil,NO
,,,,YES,VAC PAD,NO,Gas Oil,NO,Gas Oil,NO
PLANT1-UNIT045-WASTEWATERPLANT(WWTP),PLANT1-2NDLAGOON,WATER,PLANT1-VACPAD,NO,VAC PAD,NO,Fourth Lagoon,YES,Fourth Lagoon,NO
,,,,NO,VAC PAD,NO,Fourth Lagoon,YES,Fourth Lagoon,YES
,,,,NO,VAC PAD,NO,Fourth Lagoon,NO,Fourth Lagoon,NO
PLANT1-NORTHOFTHEFENCELINE,P1N-TANK2(CLEANTRUCK),GASOLINE,PLANT2-TANK20,YES,TANK 20,NO,All Groundwater,YES,Remediation Oil,YES
,,,,YES,Tank 20,NO,All Groundwater,YES,Remediation Oil,YES
PLANT2-UNIT210-#2OMDTANKFARM,PLANT2-TANK45-WATERDRAW,OILYWATER,PLANT1-VACPAD,NO,VAC PAD,NO,Diesel,NO,Diesel,NO
,,,,no,VAC PAD,NO,Diesel,NO,Diesel,NO
PLANT1-UNIT008-#1OMDTANKFARM,PLANT1-TANK62-WATERDRAW,OILYWATER,PLANT1-VACPAD,NO,VAC PAD,NO,Diesel,NO,Diesel,NO
,,,,YES,VAC PAD,NO,Diesel,NO,Diesel,NO
,,,,NO,VAC PAD,NO,Jet,NO,Jet,NO
PLANT1-UNIT008-#1OMDTANKFARM,PLANT1-TANK3801-WATERDRAW,DIESEL,PLANT1-TANK778FRACTANK,NO,Uncontrolled,NO,Ultra Low Sulfur Diesel,NO,Ultra Low Sulfur Diesel,NO
,,,,NO,VAC PAD,NO,Ultra Low Sulfur Diesel,NO,Diesel,NO
,,,,NO,Uncontrolled,NO,Ultra Low Sulfur Diesel,NO,Diesel,NO
DENVERTRUCKTERMINAL,PLANT1-PIPELINE,GASOLINE,PLANT2-TANK20,YES,TANK 20,NO,Post-GBR Gasoline,NO,Post-GBR Gasoline,NO
,,,,YES,TANK 20,NO,Gasoline,NO,Gasoline,NO
PLANT1-UNIT008-#1OMDTANKFARM,PLANT1-TANK67-WATERDRAW,CAUSTICANDWATER,PLANT1-GREENFRACTANKBYVACPAD,YES,VAC PAD,NO,"Naphtha, Light",NO,"Naphtha, Light",NO
,,,,YES,VAC PAD,NO,"NAPHTHA, LIGHT",NO,"NAPHTHA, LIGHT",NO
PLANT1-UNIT008-#1OMDTANKFARM,PLANT1-TANK1-WATERDRAW,OILYWATER,PLANT1-VACPAD,YES,VAC PAD,NO,Naphtha,NO,Naphtha,NO
,,,,YES,VAC PAD,NO,NAPHTHA,NO,NAPHTHA,NO
PLANT1-UNIT008-#1OMDTANKFARM,PLANT1-TANK78-WATERDRAW,OILYWATER,PLANT1-VACPAD,YES,VAC PAD,NO,Post-GBR Gasoline,NO,Post-GBR Gasoline,NO
,,,,YES,VAC PAD,NO,Gasoline,NO,Gasoline,NO
PLANT1-UNIT008-#1OMDTANKFARM,PLANT1-TANK55-WATERDRAW,OILYWATER,PLANT1-VACPAD,YES,VAC PAD,NO,Post-GBR Gasoline,NO,Post-GBR Gasoline,NO
,,,,YES,VAC PAD,NO,Gasoline,NO,Gasoline,NO
PLANT1-UNIT008-#1OMDTANKFARM,PLANT1-TANK2007-CONTAINMENT,WATER,PLANT1-VACPAD,NO,VAC PAD,NO,Stormwater,NO,Stormwater,NO
,,,,NO,NA,NO,Stormwater,NO,Stormwater,NO
PLANT1-UNIT145-GROUNDWATERREMEDIATION/WELLS,PLANT1-SURGEBASINSUMP,OILYWATER,PLANT1-VACPAD,NO,VAC PAD,NO,All Groundwater,YES,Remediation Oil,YES
,,,,YES,VAC PAD,NO,All Groundwater,YES,Remediation Oil,YES
,,,,NO,VAC PAD,NO,All Groundwater,NO,Remediation Oil,NO
,,,,NO,VAC PAD,NO,All Groundwater,NO,Remediation Oil,YES
,,,,NO,NA,NO,All Groundwater,YES,Remediation Oil,NO
,,,,NO,NA,NO,All Groundwater,YES,Remediation Oil,YES
PLANT1-UNIT008-#1OMDTANKFARM,PLANT1-TANK2-WATERDRAW,OILYWATER,PLANT1-VACPAD,YES,VAC PAD,NO,Distillate,NO,Distillate,NO
,,,,YES,VAC PAD,NO,DISTILLATE,NO,DISTILLATE,NO
PLANT1-UNIT008-#1OMDTANKFARM,PLANT1-TANK96/97-WATERDRAW,OILYWATER,PLANT1-VACPAD,NO,VAC PAD,NO,Post-GBR Gasoline,NO,Post-GBR Gasoline,NO
,,,,YES,VAC PAD,NO,Post-GBR Gasoline,NO,Post-GBR Gasoline,NO
PLANT1-NORTHOFTHEFENCELINE,P1N-TANK3(CLEANTRUCK),GASOLINE,PLANT2-TANK20,YES,TANK 20,NO,All Groundwater,YES,Remediation Oil,YES
,,,,YES,Tank 20,NO,All Groundwater,YES,Remediation Oil,YES
PLANT1-UNIT045-WASTEWATERPLANT(WWTP),PLANT1-MORGANBOX,OILYWATER,PLANT1-VACPAD,NO,VAC PAD,NO,Stormwater,NO,Stormwater,NO
,,,,YES,VAC PAD,NO,Stormwater,NO,Stormwater,NO
,,,,NO,NA,NO,Stormwater,NO,Stormwater,NO
,,,,NO,VAC PAD,NO,Prooper Pit,YES,Prooper Pit,YES
PLANT1-UNIT145-GROUNDWATERREMEDIATION/WELLS,GWTSTANK14,GASOLINE,PLANT2-TANK20,YES,TANK 20,NO,All Groundwater,YES,Remediation Oil,YES
,,,,YES,Tank 20,NO,All Groundwater,YES,Remediation Oil,YES
PLANT1-UNIT045-WASTEWATERPLANT(WWTP),PLANT1-OLDAPIS,SLUDGE,PLANT1-CENTRIFUGEFRACTANKS,YES,TO,NO,Stripped Sour Water,YES,Stripped Sour Water,NO
,,,,NO,TO,NO,Stripped Sour Water,YES,Stripped Sour Water,NO
DENVERTRUCKTERMINAL,PLANT1-PIPELINE,DIESEL,PLANT2-TANK20,YES,TANK 20,NO,Diesel,NO,Diesel,NO
,,,,YES,Tank 20,NO,Diesel,NO,Diesel,NO
PLANT2-UNIT210-#2OMDTANKFARM,PLANT2-TANK37-WATERDRAW,OILYWATER,PLANT1-VACPAD,NO,VAC PAD,NO,Naphtha,NO,Naphtha,NO
,,,,NO,VAC PAD,NO,NAPHTHA,NO,NAPHTHA,""
PLANT1-UNIT045-WASTEWATERPLANT(WWTP),PLANT1-OLDAPISBBAY,SLUDGE,PLANT1-CENTRIFUGEFRACTANKS,YES,TO,NO,Stripped Sour Water,YES,Stripped Sour Water,NO
,,,,NO,TO,NO,Stripped Sour Water,YES,Stripped Sour Water,NO
PLANT1-STORMWATER,PLANT1-MAINGATE-STORMWATER,STORMWATER,PLANT1-VACPAD,NO,VAC PAD,NO,Stormwater,NO,Stormwater,NO
,,,,YES,VAC PAD,NO,Stormwater,NO,Stormwater,NO
PLANT1-UNIT045-WASTEWATERPLANT(WWTP),PLANT1-TANK4517-SLUDGE,OIL,PLANT1-CENTRIFUGEFRACTANKS,NO,VAC PAD,NO,sludge processing,NO,sludge processing,NO
,,,,NO,VAC PAD,NO,treated sludge,NO,treated sludge,NO
PLANT1-UNIT045-WASTEWATERPLANT(WWTP),PLANT1-4THLAGOON,OILYWATER,PLANT1-VACPAD,NO,VAC PAD,NO,Fourth Lagoon,YES,Fourth Lagoon,NO
,,,,YES,VAC PAD,NO,Fourth Lagoon,YES,Fourth Lagoon,NO
,,,,NO,NA,NO,Fourth Lagoon,YES,Fourth Lagoon,YES
,,,,NO,NA,NO,Fourth Lagoon,YES,Fourth Lagoon,NO
,,,,NO,VAC PAD,NO,Fourth Lagoon,YES,Fourth Lagoon,YES
PLANT3-UNIT032-ASPHALTBLENDINGANDLOADING,PLANT3-AUGASOILPAD,WATER,PLANT1-VACPAD,NO,VAC PAD,NO,Gas Oil,NO,Gas Oil,NO
,,,,NO,NA,NO,Gas Oil,NO,Gas Oil,NO
PLANT3-UNIT032-ASPHALTBLENDINGANDLOADING,PLANT3-AUSCALEHOUSE-STORMWATER,STORMWATER,PLANT1-VACPAD,NO,VAC PAD,NO,Stormwater,NO,Stormwater,NO
,,,,YES,VAC PAD,NO,Stormwater,NO,Stormwater,NO
,,,,NO,NA,NO,Stormwater,NO,Stormwater,NO
PLANT1-UNIT045-WASTEWATERPLANT(WWTP),PLANT1-TANK4518-SLUDGE,OIL,PLANT1-CENTRIFUGEFRACTANKS,NO,VAC PAD,NO,sludge processing,NO,sludge processing,NO
,,,,NO,VAC PAD,NO,treated sludge,NO,treated sludge,NO
PLANT1-UNIT045-WASTEWATERPLANT(WWTP),PLANT1-TANK4516-CONTAINMENT,STORMWATER,PLANT1-VACPAD,NO,VAC PAD,NO,Stormwater,NO,Stormwater,NO
,,,,YES,VAC PAD,NO,Stormwater,NO,Stormwater,NO
PLANT1-UNIT039-FLARE,PLANT1-DRUMD-3901MATERIAL,SOURWATER,PLANT1-VACPAD,YES,VAC PAD,NO,Sour Water,NO,Sour Water,NO
,,,,YES,VAC PAD,NO,"Knockout Water, Fuel Gas (Hydrocraker)",NO,"Knockout Water, Fuel Gas (Hydrocraker)",NO
PLANT1-UNIT145-GROUNDWATERREMEDIATION/WELLS,GWTSTANK4,GASOLINE,PLANT2-TANK20,YES,TANK 20,NO,All Groundwater,YES,Remediation Oil,YES
,,,,YES,Tank 20,NO,All Groundwater,YES,Remediation Oil,YES
PLANT1-UNIT145-GROUNDWATERREMEDIATION/WELLS,GWTSTANK9,GASOLINE,PLANT2-TANK20,YES,TANK 20,NO,All Groundwater,YES,Remediation Oil,YES
,,,,YES,Tank 20,NO,All Groundwater,YES,Remediation Oil,YES
PLANT1-UNIT039-FLARE,PLANT1-DRUMD-3924CONTAINMENT-STORMWATER,STORMWATER,PLANT1-VACPAD,NO,VAC PAD,NO,Stormwater,NO,Stormwater,NO
,,,,NO,NA,NO,Stormwater,NO,Stormwater,NO
PLANT1-WASTEOILDRUMS,PLANT1-WASTEOILDRUMS,OIL,PLANT1-VACPAD,NO,VAC PAD,NO,Slop Oil Tank 20,NO,Slop Oil Tank 20,NO
,,,,NO,VAC PAD,NO,TK-4516 Slop Oil Tank Aqueous,NO,TK-4516 Slop Oil Tank,YES
,,,,NO,VAC PAD,NO,TK-4516 Slop Oil Tank Aqueous,NO,TK-4516 Slop Oil Tank,NO
PLANT1-UNIT008-#1OMDTANKFARM,PLANT1-DRUMD-385WATERDRAW,OILYWATER,PLANT1-VACPAD,NO,VAC PAD,NO,Diesel,NO,Diesel,NO
,,,,NO,TO,NO,Diesel,NO,Diesel,NO
PLANT2-UNIT210-#2OMDTANKFARM,PLANT2-REDDYECONTAINMENT,OILYWATER,PLANT1-VACPAD,NO,VAC PAD,NO,Diesel,NO,Diesel,NO
,,,,NO,VAC PAD,NO,Stormwater,NO,Stormwater,NO
,,,,NO,VAC PAD,NO,Stormwater,NO,Stormwater,""
PLANT1-UNIT045-WASTEWATERPLANT(WWTP),PLANT1-3RDLAGOON,WATER,PLANT1-VACPAD,NO,VAC PAD,NO,Fourth Lagoon,YES,Fourth Lagoon,NO
,,,,NO,VAC PAD,NO,Fourth Lagoon,NO,Fourth Lagoon,NO
,,,,YES,VAC PAD,NO,Fourth Lagoon,YES,Fourth Lagoon,NO
,,,,NO,NA,NO,Fourth Lagoon,YES,Fourth Lagoon,YES
,,,,NO,NA,NO,Fourth Lagoon,YES,Fourth Lagoon,NO
,,,,NO,VAC PAD,NO,Fourth Lagoon,YES,Fourth Lagoon,YES
PLANT2-WASTEOILDRUMS,PLANT2-WASTEOILDRUMS,OIL,PLANT1-VACPAD,NO,VAC PAD,NO,Slop Oil Tank 20,NO,Slop Oil Tank 20,NO
,,,,YES,VAC PAD,NO,Slop Oil Tank 20,NO,Slop Oil Tank 20,NO
,,,,NO,VAC PAD,NO,Tank 20 Water Draw,NO,Slop Oil Tank 20,NO
PLANT1-UNIT045-WASTEWATERPLANT(WWTP),PLANT1-PROOPERPIT,OILYWATER,PLANT1-VACPAD,NO,VAC PAD,NO,Prooper Pit,YES,Prooper Pit,NO
,,,,YES,VAC PAD,NO,Prooper Pit,YES,Prooper Pit,NO
,,,,NO,NA,NO,Prooper Pit,YES,Prooper Pit,NO
,,,,NO,NA,NO,Prooper Pit,YES,Prooper Pit,YES
,,,,NO,VAC PAD,NO,Prooper Pit,YES,Prooper Pit,YES
,,,,NO,VAC PAD,NO,Fourth Lagoon,YES,Fourth Lagoon,YES
,,,,NO,VAC PAD,NO,Fourth Lagoon,YES,Fourth Lagoon,NO
PLANT1-UNIT145-GROUNDWATERREMEDIATION/WELLS,GWTSTANK12,GASOLINE,PLANT2-TANK20,YES,TANK 20,NO,All Groundwater,YES,Remediation Oil,YES
,,,,YES,Tank 20,NO,All Groundwater,YES,Remediation Oil,YES
PLANT1-UNIT045-WASTEWATERPLANT(WWTP),PLANT1-OLDAPISCBAY,WATER,PLANT1-VACPAD,NO,VAC PAD,NO,Stripped Sour Water,YES,Stripped Sour Water,NO
,,,,NO,VAC PAD,NO,Stripped Sour Water,NO,Stripped Sour Water,YES
PLANT1-UNIT008-#1OMDTANKFARM,PLANT1-TANK75-WATERDRAW,OILYWATER,PLANT1-VACPAD,YES,VAC PAD,NO,Reformate,NO,Reformate,NO
,,,,YES,VAC PAD,NO,Gasoline,NO,Gasoline,NO
PLANT2-UNIT210-#2OMDTANKFARM,PLANT2-PIPELINEFLUSH,OILYWATER,PLANT1-VACPAD,YES,VAC PAD,NO,Gasoline,NO,Gasoline,NO
,,,,NO,VAC PAD,NO,Diesel,NO,Diesel,NO
PLANT1-UNIT045-WASTEWATERPLANT(WWTP),PLANT1-TANK4513-SLUDGE,SLUDGE,PLANT1-TANK29,NO,VAC PAD,NO,sludge processing,NO,sludge processing,NO
,,,,YES,TO,NO,sludge processing,NO,sludge processing,NO
,,,,NO,NA,NO,Sludge Processing,NO,Sludge Processing,NO
PLANT1-UNIT008-#1OMDTANKFARM,PLANT1-TANK67-WATERDRAW,OILYWATER,PLANT1-VACPAD,YES,VAC PAD,NO,"Naphtha, Light",NO,"Naphtha, Light",NO
,,,,YES,VAC PAD,NO,"NAPHTHA, LIGHT",NO,"NAPHTHA, LIGHT",NO
PLANT1-UNIT045-WASTEWATERPLANT(WWTP),PLANT1-2NDLAGOON,OILYWATER,PLANT1-VACPAD,NO,VAC PAD,NO,Fourth Lagoon,YES,Fourth Lagoon,NO
,,,,NO,VAC PAD,NO,Fourth Lagoon,NO,Fourth Lagoon,NO
PLANT2-UNIT210-#2OMDTANKFARM,PLANT2-TANK12-WATERDRAW,OILYWATER,PLANT1-VACPAD,YES,VAC PAD,NO,Jet,NO,Jet,NO
,,,,YES,VAC PAD,NO,Diesel,NO,Diesel,NO
PLANT2-UNIT210-#2OMDTANKFARM,PLANT2-LPGETHANOLDRUMS,ETHANOL,PLANT1-VACPAD,NO,VAC PAD,NO,Ethanol,NO,Ethanol,NO
,,,,YES,VAC PAD,NO,Ethanol,NO,Ethanol,NO
PLANT1-NORTHOFTHEFENCELINE,REDDRAGON,OILYWATER,PLANT1-VACPAD,NO,VAC PAD,NO,All Groundwater,YES,Remediation Oil,YES
,,,,NO,VAC PAD,NO,All Groundwater,NO,Remediation Oil,YES
METRO,RECOVERYSYSTEMS,OILYWATER,PLANT1-VACPAD,NO,VAC PAD,NO,All Groundwater,YES,Remediation Oil,YES
,,,,NO,VAC PAD,NO,All Groundwater,NO,Remediation Oil,YES
,,,,NO,VAC PAD,NO,All Groundwater,NO,Remediation Oil,NO
PLANT1-UNIT045-WASTEWATERPLANT(WWTP),PLANT1-SKIDANDCONCRETEPADATCENTRIFUGE,OILYWATER,PLANT1-VACPAD,NO,VAC PAD,NO,TK-4516 Slop Oil Tank Aqueous,NO,TK-4516 Slop Oil Tank,YES
,,,,NO,VAC PAD,NO,TK-4516 Slop Oil Tank Aqueous,NO,TK-4516 Slop Oil Tank,NO
,,,,NO,NA,NO,TK-4516 Slop Oil Tank Aqueous,NO,TK-4516 Slop Oil Tank,YES
PLANT1-UNIT045-WASTEWATERPLANT(WWTP),PLANT1-TANK4516,SLUDGE,PLANT1-CENTRIFUGEFRACTANKS,YES,TO,NO,TK-4516 Slop Oil Tank Aqueous,NO,TK-4516 Slop Oil Tank,YES
,,,,NO,TO,NO,TK-4516 Slop Oil Tank Aqueous,NO,TK-4516 Slop Oil Tank,NO
,,,,YES,TO,NO,TK-4516 Slop Oil Tank,NO,TK-4516 Slop Oil Tank,YES
PLANT1-UNIT045-WASTEWATERPLANT(WWTP),PLANT1-1STLAGOON,OILYWATER,PLANT1-VACPAD,NO,VAC PAD,NO,Fourth Lagoon,NO,Fourth Lagoon,NO
,,,,YES,VAC PAD,NO,Fourth Lagoon,NO,Fourth Lagoon,NO
,,,,NO,NA,NO,Fourth Lagoon,YES,Fourth Lagoon,YES
PLANT1-UNIT045-WASTEWATERPLANT(WWTP),PLANT1-TANK4516-CONTAINMENT,OILYWATER,PLANT1-VACPAD,YES,VAC PAD,NO,Stormwater,NO,Stormwater,NO
,,,,NO,VAC PAD,NO,Stormwater,NO,Stormwater,NO
PLANT1-UNIT008-#1OMDTANKFARM,PLANT1-ETHANOLDRUMS,ETHANOL,PLANT1-VACPAD,NO,VAC PAD,NO,Ethanol,NO,Ethanol,NO
,,,,YES,VAC PAD,NO,Ethanol,NO,Ethanol,NO
,,,,NO,NA,NO,Ethanol,NO,Ethanol,NO
METRO,RECOVERYSYSTEM,OILYWATER,PLANT1-VACPAD,NO,VAC PAD,NO,All Groundwater,YES,Remediation Oil,YES
,,,,NO,VAC PAD,NO,All Groundwater,NO,Remediation Oil,YES
PLANT1-UNIT045-WASTEWATERPLANT(WWTP),PLANT1-TANK27-WATERDRAW,WATER,PLANT1-VACPAD,NO,VAC PAD,NO,sludge processing,NO,sludge processing,NO
,,,,YES,VAC PAD,NO,sludge processing,NO,sludge processing,NO
,,,,NO,NA,NO,Sludge Processing,NO,Sludge Processing,NO
,,,,NO,NA,NO,sludge processing,NO,sludge processing,NO
PLANT1-UNIT045-WASTEWATERPLANT(WWTP),PLANT1-TANK27-SLUDGE,SLUDGE,PLANT1-TANK29,NO,VAC PAD,NO,sludge processing,NO,sludge processing,NO
,,,,YES,TO,NO,sludge processing,NO,sludge processing,NO
,,,,NO,NA,NO,Sludge Processing,NO,Sludge Processing,NO
PLANT1-UNIT045-WASTEWATERPLANT(WWTP),PLANT1-TANKSSECONDARYCONTAINMENTS-ENVIRONMENTAL,WATER,PLANT1-VACPAD,NO,VAC PAD,NO,Stormwater,NO,Stormwater,NO
,,,,NO,NA,NO,Stormwater,NO,Stormwater,NO
PLANT1-UNIT045-WASTEWATERPLANT(WWTP),PLANT1-TANK4513-WATERDRAW,WATER,PLANT1-VACPAD,NO,VAC PAD,NO,sludge processing,NO,sludge processing,NO
,,,,NO,NA,NO,Sludge Processing,NO,Sludge Processing,NO
,,,,NO,NA,NO,sludge processing,NO,sludge processing,NO
PLANT1-UNIT045-WASTEWATERPLANT(WWTP),PLANT1-3RDLAGOON,OILYWATER,PLANT1-VACPAD,NO,VAC PAD,NO,Fourth Lagoon,NO,Fourth Lagoon,NO
,,,,NO,NA,NO,Fourth Lagoon,YES,Fourth Lagoon,YES
PLANT1-UNIT045-WASTEWATERPLANT(WWTP),PLANT1-OLDAPIS,OILYWATER,PLANT1-VACPAD,NO,VAC PAD,NO,Stripped Sour Water,YES,Stripped Sour Water Oil,NO
,,,,NO,VAC PAD,NO,Stripped Sour Water,YES,Stripped Sour Water,NO
PLANT1-UNIT045-WASTEWATERPLANT(WWTP),PLANT1-FRACTANKS-TANK4516-CENTRIFUGE,OILYWATER,PLANT1-VACPAD,YES,VAC PAD,NO,TK-4516 Slop Oil Tank Aqueous,NO,TK-4516 Slop Oil Tank,YES
,,,,YES,VAC PAD,NO,TK-4516 Slop Oil Tank Aqueous,NO,TK-4516 Slop Oil Tank,NO
PLANT1-UNIT045-WASTEWATERPLANT(WWTP),PLANT1-OLDAPIS,SOLIDS,PLANT1-CENTRIFUGEFRACTANKS,NO,TO,NO,Stripped Sour Water,YES,Stripped Sour Water,NO
,,,,NO,TO,NO,Stripped Sour Water,NO,Stripped Sour Water,NO
PLANT1-UNIT008-#1OMDTANKFARM,PLANT1-TANK2007-CONTAINMENT,STORMWATER,PLANT1-VACPAD,NO,VAC PAD,NO,Stormwater,NO,Stormwater,NO
,,,,NO,NA,NO,Stormwater,NO,Stormwater,NO
PLANT1-UNIT045-WASTEWATERPLANT(WWTP),PLANT1-TANK4508-DGF,SLUDGE,PLANT1-CENTRIFUGEMIXTANKS,YES,TO,NO,TK-4507 Waste Water Tank,YES,TK-4507 Waste Water Tank,NO
,,,,YES,TO,NO,TK-4507 Waste Water Tank,YES,TK-4507 Waste Water Tank,YES
PLANT1-UNIT045-WASTEWATERPLANT(WWTP),PLANT1-OLDAPIS,SOLIDSANDWATER,PLANT1-CENTRIFUGEMIXTANKS,NO,VAC PAD,NO,Stripped Sour Water,YES,Stripped Sour Water,NO
,,,,NO,TO,NO,Stripped Sour Water,YES,Stripped Sour Water,NO
,,,,YES,TO,NO,Stripped Sour Water,YES,Stripped Sour Water,YES
PLANT1-STORMWATER,PLANT1-DRUMD-196CONTAINMENT-STORMWATER,STORMWATER,PLANT1-VACPAD,NO,VAC PAD,NO,Stormwater,NO,Stormwater,NO
,,,,YES,VAC PAD,NO,Stormwater,NO,Stormwater,NO
PLANT1-UNIT145-GROUNDWATERREMEDIATION/WELLS,PLANT1-SURGEBASIN,SOLIDSANDWATER,PLANT1-VACPAD,NO,VAC PAD,NO,Sludge,NO,Sludge,NO
,,,,NO,VAC PAD,NO,All Groundwater,NO,Remediation Oil,NO
,,,,NO,NA,NO,All Groundwater,NO,Remediation Oil,NO
,,,,NO,NA,NO,All Groundwater,YES,Remediation Oil,NO
PLANT1-STORMWATER,PLANT1-TANK72-PUMPCONTAINMENT,STORMWATER,PLANT1-VACPAD,NO,VAC PAD,no,Stormwater,NO,Stormwater,NO
,,,,NO,VAC PAD,NO,Stormwater,NO,Stormwater,NO
PLANT1-UNIT045-WASTEWATERPLANT(WWTP),PLANT1-TANKSSECONDARYCONTAINMENTS-ENVIRONMENTAL,OILYWATER,PLANT1-VACPAD,NO,VAC PAD,NO,Stormwater,NO,Stormwater,NO
,,,,NO,NA,NO,Stormwater,NO,Stormwater,NO
PLANT1-UNIT045-WASTEWATERPLANT(WWTP),PLANT1-TANK4501,OIL,PLANT1-CENTRIFUGEMIXTANKS,YES,TO,NO,TK-4516 Slop Oil Tank Aqueous,NO,TK-4516 Slop Oil Tank,YES
,,,,YES,TO,NO,"Tank 4501, Aqueous Layer",NO,"Tank 4501, Oil Layer",NO
PLANT1-UNIT045-WASTEWATERPLANT(WWTP),PLANT1-OLDAPIS,SOLIDS,PLANT1-CENTRIFUGEMIXTANKS,NO,TO,NO,Stripped Sour Water,YES,Stripped Sour Water,NO
,,,,YES,TO,NO,Stripped Sour Water,YES,Stripped Sour Water,NO
PLANT1-UNIT045-WASTEWATERPLANT(WWTP),PLANT1-TANKSSECONDARYCONTAINMENTS-ENVIRONMENTAL,STORMWATER,PLANT1-VACPAD,NO,VAC PAD,NO,Stormwater,NO,Stormwater,NO
,,,,NO,NA,NO,Stormwater,NO,Stormwater,NO
PLANT1-UNIT045-WASTEWATERPLANT(WWTP),PLANT1-GOODOILFRACTANKATCENTRIFUGE,OIL,PLANT1-CENTRIFUGEMIXTANKS,YES,TO,NO,TK-4516 Slop Oil Tank Aqueous,NO,TK-4516 Slop Oil Tank,YES
,,,,YES,TO,NO,TK-4516 Slop Oil Tank Aqueous,NO,TK-4516 Slop Oil Tank,NO
PLANT1-STORMWATER,PLANT1-TANK2007-CONTAINMENT,STORMWATER,PLANT1-VACPAD,YES,VAC PAD,NO,Stormwater,NO,Stormwater,NO
,,,,NO,VAC PAD,NO,Stormwater,NO,Stormwater,NO
PLANT1-STORMWATER,PLANT1-PUMPP-803-AREA,STORMWATER,PLANT1-VACPAD,YES,VAC PAD,NO,Stormwater,NO,Stormwater,NO
,,,,NO,VAC PAD,NO,Stormwater,NO,Stormwater,NO
PLANT2-UNIT070-WASTEWATER,PLANT2-TANK29-OILDRAIN,OILYWATER,PLANT1-VACPAD,YES,VAC PAD,NO,Tank 29 Aqueous,YES,Tank 29 Oil,YES
,,,,NO,VAC PAD,YES,Tank 29 Aqueous,YES,Tank 29 Oil,YES
PLANT2-UNIT001-#2CRUDE,PLANT2-CRUDEDOCKSSUMP,OILYWATER,PLANT1-VACPAD,NO,VAC PAD,NO,Crude,NO,Crude,NO
,,,,NO,VAC PAD,NO,crude,no,crude,no
PLANT1-STORMWATER,PLANT1-TANK52-PUMPCONTAINMENT,STORMWATER,PLANT1-VACPAD,YES,VAC PAD,NO,Stormwater,NO,Stormwater,NO
,,,,NO,VAC PAD,NO,Stormwater,NO,Stormwater,NO
PLANT1-STORMWATER,PLANT1-FLUXLOADINGRACKCONTAINMENT,STORMWATER,PLANT1-VACPAD,YES,VAC PAD,NO,Stormwater,NO,Stormwater,NO
,,,,NO,VAC PAD,NO,Stormwater,NO,Stormwater,NO
PLANT1-UNIT045-WASTEWATERPLANT(WWTP),PLANT1-TANK27-WATERDRAW,OILYWATER,PLANT1-VACPAD,YES,VAC PAD,NO,sludge processing,NO,sludge processing,NO
,,,,NO,VAC PAD,NO,sludge processing,NO,sludge processing,NO
PLANT1-UNIT045-WASTEWATERPLANT(WWTP),PLANT1-TANKSSECONDARYCONTAINMENT-ENVIRONMENTAL,STORMWATER,PLANT1-VACPAD,NO,VAC PAD,NO,Stormwater,NO,Stormwater,NO
,,,,NO,NA,NO,Stormwater,NO,Stormwater,NO
PLANT1-UNIT045-WASTEWATERPLANT(WWTP),PLANT1-TANK4516,SLUDGE,PLANT1-STORAGEFRACTANKSFROMTANK-4516,YES,TO,NO,TK-4516 Slop Oil Tank Aqueous,NO,TK-4516 Slop Oil Tank,YES
,,,,YES,Frac Tanks by TK-4516,NO,TK-4516 Slop Oil Tank Aqueous,NO,TK-4516 Slop Oil Tank,YES
PLANT1-UNIT045-WASTEWATERPLANT(WWTP),PLANT1-CONCRETEPADANDSKIDATCENTRIFUGE,OILYWATER,PLANT1-VACPAD,NO,VAC PAD,NO,TK-4516 Slop Oil Tank Aqueous,NO,TK-4516 Slop Oil Tank,YES
,,,,NO,VAC PAD,NO,TK-4516 Slop Oil Tank Aqueous,NO,TK-4516 Slop Oil Tank,NO
PLANT1-UNIT045-WASTEWATERPLANT(WWTP),PLANT1-TANK4508-DGF,SLUDGE,PLANT1-STORAGEFRACTANKSFROMTANK-4516,YES,TO,NO,TK-4507 Waste Water Tank,YES,TK-4507 Waste Water Tank,NO
,,,,YES,Frac Tanks by TK-4516,NO,TK-4507 Waste Water Tank,YES,TK-4507 Waste Water Tank,NO
PLANT1-UNIT045-WASTEWATERPLANT(WWTP),PLANT1-OLDAPIS,SLUDGE,PLANT1-CENTRIFUGEMIXTANKS,NO,TO,NO,Stripped Sour Water,YES,Stripped Sour Water,NO
,,,,YES,TO,NO,Stripped Sour Water,YES,Stripped Sour Water,YES
PLANT2-UNIT070-WASTEWATER,PLANT2-TANK29-OILDRAIN,OIL,PLANT2-CRUDEUNLOADINGBAY5,YES,Plant 2,NO,Tank 29 Aqueous,YES,Tank 29 Oil,YES
,,,,NO,Crude Docks,YES,Tank 29 Aqueous,YES,Tank 29 Oil,YES
METRO,RECOVERYSYSTEMS,WATER,PLANT1-VACPAD,NO,VAC PAD,NO,All Groundwater,NO,Remediation Oil,YES
,,,,NO,VAC PAD,NO,All Groundwater,NO,Remediation Oil,NO
DENVERTRUCKTERMINAL,DENVERTERMINAL-6000GALSLOPTANK,DIESELANDGAS,PLANT1-VACPAD,NO,VAC PAD,YES,Denver Truck Terminal Aqueous,YES,Denver Truck Terminal Oil,YES
,,,,NO,NA,YES,Denver Truck Terminal Aqueous,YES,Denver Truck Terminal Oil,YES
DENVERTRUCKTERMINAL,DENVERTERMINAL-VAPORSUMP,OILYWATER,PLANT1-VACPAD,NO,VAC PAD,yes,Denver Truck Terminal Aqueous,YES,Denver Truck Terminal Oil,YES
,,,,NO,VAC PAD,NO,Denver Truck Terminal Aqueous,YES,Denver Truck Terminal Oil,YES
PLANT1-STORMWATER,PLANT1-CHEMWAREHOUSECONTAINMENT-STORMWATER,STORMWATER,PLANT1-VACPAD,NO,VAC PAD,NO,Stormwater,NO,Stormwater,NO
,,,,NO,NA,NO,Stormwater,NO,Stormwater,NO
PLANT1-STORMWATER,PLANT1-TANK96/97-SUMP,OILYSTORMWATER,PLANT1-VACPAD,NO,VAC PAD,no,Stormwater,NO,Stormwater,NO
,,,,NO,VAC PAD,NO,Stormwater,NO,Stormwater,NO
PLANT1-STORMWATER,PLANT1-TANK70-PUMPCONTAINMENT,STORMWATER,PLANT1-VACPAD,NO,VAC PAD,no,Stormwater,NO,Stormwater,NO
,,,,NO,VAC PAD,NO,Stormwater,NO,Stormwater,NO
PLANT1-STORMWATER,PLANT1-BOREPIT,STORMWATER,PLANT1-VACPAD,NO,VAC PAD,NO,Stormwater,NO,Stormwater,NO
,,,,NO,VAC PAD,NO,Stormwater,NO,Stormwater,""
PLANT1-UNIT008-#1OMDTANKFARM,PLANT1-TANK3-WATERDRAW,OILYWATER,PLANT1-VACPAD,NO,VAC PAD,NO,DISTILLATE,NO,DISTILLATE,NO
,,,,NO,VAC PAD,NO,Distillate,NO,Distillate,NO
PLANT1-UNIT008-#1OMDTANKFARM,PLANT1-FLARESUMP,OILYWATER,PLANT1-VACPAD,NO,VAC PAD,NO,"Knockout Water, Fuel Gas (Hydrocraker)",NO,"Knockout Water, Fuel Gas (Hydrocraker)",NO
,,,,NO,NA,NO,"Knockout Water, Fuel Gas (Hydrocraker)",NO,"Knockout Water, Fuel Gas (Hydrocraker)",NO
PLANT1-UNIT008-#1OMDTANKFARM,PLANT1-TANK3801-WATERDRAW,DIESELANDWATER,PLANT1-VACPAD,yes,VAC PAD,NO,Ultra Low Sulfur Diesel,NO,Ultra Low Sulfur Diesel,NO
,,,,yes,Frac Tanks by Flare,NO,Ultra Low Sulfur Diesel,NO,Ultra Low Sulfur Diesel,NO
,,,,yes,NA,NO,Ultra Low Sulfur Diesel,NO,Ultra Low Sulfur Diesel,NO
PLANT1-UNIT039-FLARE,PLANT1-DRUMD-322CONTAINMENT-STORMWATER/WATER,STORMWATER,PLANT1-VACPAD,NO,VAC PAD,NO,Stormwater,NO,Stormwater,NO
,,,,NO,NA,NO,Stormwater,NO,Stormwater,NO
PLANT1-UNIT039-FLARE,PLANT1-FLARESUMP,OILYWATER,PLANT1-VACPAD,NO,VAC PAD,NO,"Knockout Water, Fuel Gas (Hydrocraker)",NO,"Knockout Water, Fuel Gas (Hydrocraker)",NO
,,,,NO,NA,NO,"Knockout Water, Fuel Gas (Hydrocraker)",NO,"Knockout Water, Fuel Gas (Hydrocraker)",NO
PLANT1-UNIT045-WASTEWATERPLANT(WWTP),PLANT1-STORAGEFRACTANKSBYFLARE,OILYWATER,PLANT1-VACPAD,YES,VAC PAD,NO,TK-4516 Slop Oil Tank Aqueous,NO,TK-4516 Slop Oil Tank,YES
,,,,YES,TO,NO,TK-4516 Slop Oil Tank Aqueous,NO,TK-4516 Slop Oil Tank,YES
PLANT1-UNIT045-WASTEWATERPLANT(WWTP),P1N-MONITORINGTRENCHESNORTHOFPOND/SWALE,OILYWATER,PLANT1-VACPAD,YES,VAC PAD,NO,All Groundwater,NO,Remediation Oil,YES
,,,,YES,VAC PAD,NO,All Groundwater,NO,Remediation Oil,NO
,,,,YES,VAC PAD,NO,All Groundwater,YES,Remediation Oil,NO
PLANT1-UNIT045-WASTEWATERPLANT(WWTP),P1N?SUMPS/WELLS/TRENCHES(CLEANTRUCK),OILYWATER,PLANT1-VACPAD,YES,VAC PAD,NO,All Groundwater,NO,Remediation Oil,YES
,,,,YES,VAC PAD,NO,All Groundwater,NO,Remediation Oil,NO
,,,,YES,VAC PAD,NO,All Groundwater,YES,Remediation Oil,NO
PLANT1-UNIT145-GROUNDWATERREMEDIATION/WELLS,P1N-MONITORINGTRENCHESNORTHOFPOND/SWALE,OILYWATER,PLANT1-VACPAD,YES,VAC PAD,NO,All Groundwater,NO,Remediation Oil,YES
,,,,YES,VAC PAD,NO,All Groundwater,NO,Remediation Oil,NO
,,,,YES,VAC PAD,NO,All Groundwater,YES,Remediation Oil,NO
PLANT1-UNIT145-GROUNDWATERREMEDIATION/WELLS,P1N?SUMPS/WELLS/TRENCHES(CLEANTRUCK),OILYWATER,PLANT1-VACPAD,YES,VAC PAD,NO,All Groundwater,NO,Remediation Oil,YES
,,,,YES,VAC PAD,NO,All Groundwater,NO,Remediation Oil,NO
,,,,YES,VAC PAD,NO,All Groundwater,YES,Remediation Oil,NO
PLANT1-UNIT145-GROUNDWATERREMEDIATION/WELLS,PLANT1-SURGEBASIN,SLUDGE,PLANT1-VACPAD,NO,VAC PAD,NO,All Groundwater,NO,Remediation Oil,NO
,,,,NO,VAC PAD,NO,Sludge,NO,Sludge,NO
PLANT2-UNIT210-#2OMDTANKFARM,PLANT2-TANK44-WATERDRAW,OILYWATER,PLANT1-VACPAD,NO,VAC PAD,NO,Reformate,NO,Reformate,NO
,,,,NO,VAC PAD,NO,REFORMATE,NO,REFORMATE,NO
PLANT2-UNIT210-#2OMDTANKFARM,PLANT2-TANK29,OILYWATER,PLANT1-VACPAD,NO,VAC PAD,YES,Tank 29 Aqueous,YES,Tank 29 Oil,YES
,,,,YES,VAC PAD,NO,Tank 29 Aqueous,YES,Tank 29 Oil,YES
PLANT2-UNIT410-#2OMDLOADINGRACKS,PLANT2-CRUDEDOCKSSUMP,OILYWATER,PLANT1-VACPAD,NO,VAC PAD,NO,Crude,NO,Crude,NO
,,,,NO,NA,NO,Crude,NO,Crude,NO
PLANT3-STORMWATER,PLANT3-AUSCALEHOUSE-STORMWATER,STORMWATER,PLANT1-VACPAD,NO,VAC PAD,NO,Stormwater,NO,Stormwater,NO
,,,,NO,NA,NO,Stormwater,NO,Stormwater,NO
PLANT1-UNIT008-#1OMDTANKFARM,PLANT1-SAMPLEPOINTS#1OMD,OILYWATER,PLANT1-VACPAD,NO,VAC PAD,NO,Crude,NO,Crude,NO
,,,,NO,NA,NO,Crude,NO,Crude,NO
PLANT1-UNIT008-#1OMDTANKFARM,PLANT1-SAMPLEPOINTS#1OMD,DIESELANDWATER,PLANT1-VACPAD,NO,VAC PAD,NO,Diesel,NO,Diesel,NO
,,,,NO,NA,NO,Diesel,NO,Diesel,NO
PLANT1-UNIT008-#1OMDTANKFARM,PLANT1-SAMPLEPOINTS#1OMD,DIESELANDGAS,PLANT1-VACPAD,NO,VAC PAD,NO,Gasoline,NO,Gasoline,NO
,,,,NO,NA,NO,Gasoline,NO,Gasoline,NO
PLANT3-UNIT032-ASPHALTBLENDINGANDLOADING,PLANT3-AUGASOILPAD,OILYWATER,PLANT1-VACPAD,NO,VAC PAD,NO,Stormwater,NO,Stormwater,NO
,,,,NO,NA,NO,Stormwater,NO,Stormwater,NO
PLANT3-UNIT019-ASPHALTMATERIAL,PLANT3-CPICONTAINMENT,OILYWATER,PLANT1-VACPAD,NO,VAC PAD,NO,Stormwater,NO,Stormwater,NO
,,,,NO,NA,NO,Stormwater,NO,Stormwater,NO
PLANT1-UNIT008-#1OMDTANKFARM,PLANT1-TANK86/87,STORMWATER,PLANT1-VACPAD,NO,VAC PAD,NO,Stormwater,NO,Stormwater,NO
,,,,NO,NA,NO,Stormwater,NO,Stormwater,NO
PLANT1-UNIT008-#1OMDTANKFARM,PLANT1-TANK72-SUMP/WATERDRAW,DIESELANDWATER,PLANT1-VACPAD,NO,VAC PAD,NO,Ultra Low Sulfur Diesel,NO,Ultra Low Sulfur Diesel,NO
,,,,NO,NA,NO,Ultra Low Sulfur Diesel,NO,Ultra Low Sulfur Diesel,NO
PLANT2-STORMWATER,PLANT2-CRUDEDOCKSSUMP,OILYSTORMWATER,PLANT1-VACPAD,NO,VAC PAD,NO,Crude,NO,Crude,NO
,,,,NO,VAC PAD,NO,Stormwater,NO,Stormwater,NO
PLANT3-UNIT019-ASPHALTMATERIAL,PLANT3VAPORDRUMS,OILYWATER,PLANT1-VACPAD,NO,VAC PAD,NO,Gas Oil,NO,Gas Oil,NO
,,,,NO,NA,NO,Gas Oil,NO,Gas Oil,NO
PLANT1-UNIT008-#1OMDTANKFARM,PLANT1-TANK2004/2007-PUMPCONTAINMENT,STORMWATER,PLANT1-VACPAD,NO,VAC PAD,NO,Stormwater,NO,Stormwater,NO
,,,,NO,NA,NO,Stormwater,NO,Stormwater,NO
PLANT1-UNIT008-#1OMDTANKFARM,PLANT1-TANK96/97-WATERDRAW,GASOLINEANDWATER,PLANT1-VACPAD,NO,VAC PAD,NO,Post-GBR Gasoline,NO,Post-GBR Gasoline,NO
,,,,NO,NA,NO,Post-GBR Gasoline,NO,Post-GBR Gasoline,NO
PLANT1-UNIT008-#1OMDTANKFARM,PLANT1-TANK64/65/66-WATERDRAW,DIESELANDWATER,PLANT1-VACPAD,NO,VAC PAD,NO,Diesel,NO,Diesel,NO
,,,,NO,NA,NO,Diesel,NO,Diesel,NO
PLANT1-UNIT008-#1OMDTANKFARM,ETHANOLDOCK,ETHANOL,PLANT1-VACPAD,NO,VAC PAD,NO,Ethanol,NO,Ethanol,NO
,,,,NO,NA,NO,Ethanol,NO,Ethanol,NO
PLANT1-UNIT045-WASTEWATERPLANT(WWTP),PLANT1-SURGEBASINSUMP,OILYWATER,PLANT1-VACPAD,NO,VAC PAD,NO,All Groundwater,NO,Remediation Oil,YES
,,,,NO,VAC PAD,NO,All Groundwater,YES,Remediation Oil,YES
PLANT1-UNIT008-#1OMDTANKFARM,PLANT1-TANK74-WATERDRAW,GASOLINEANDWATER,PLANT1-VACPAD,YES,VAC PAD,NO,Jet,NO,Jet,NO
,,,,YES,VAC PAD,NO,Jet,NO,Jet,""
PLANT3-UNIT019-ASPHALTMATERIAL,PLANT3-CPIDRUM,OILYWATER,PLANT1-VACPAD,NO,VAC PAD,NO,Stormwater,NO,Stormwater,NO
,,,,NO,NA,NO,CPI Effluent Aqueous,no,CPI Effluent Oil,no
PLANT1-UNIT008-#1OMDTANKFARM,PLANT1-TANK34-WATERDRAW,GASOLINEANDWATER,PLANT1-VACPAD,YES,VAC PAD,NO,Post-GBR Gasoline,NO,Post-GBR Gasoline,NO
,,,,YES,VAC PAD,NO,Post-GBR Gasoline,NO,Post-GBR Gasoline,""
PLANT3-UNIT019-ASPHALTMATERIAL,PLANT3-AUGASOILPAD,OILYWATER,PLANT1-VACPAD,NO,VAC PAD,NO,Stormwater,NO,Stormwater,NO
,,,,NO,NA,NO,Stormwater,NO,Stormwater,NO
PLANT1-UNIT008-#1OMDTANKFARM,PLANT1-TANK2-AREA,STORMWATER,PLANT1-VACPAD,NO,VAC PAD,NO,Stormwater,NO,Stormwater,NO
,,,,NO,NA,NO,Stormwater,NO,Stormwater,NO
PLANT1-UNIT008-#1OMDTANKFARM,PLANT1-TANK64-CONTAINMENT,DIESEL,PLANT1-VACPAD,NO,VAC PAD,NO,Diesel,NO,Diesel,NO
,,,,NO,NA,NO,Diesel,NO,Diesel,NO
DENVERTRUCKTERMINAL,DENVERTERMINAL-6000GALSLOPTANK,DIESELANDWATER,PLANT1-VACPAD,NO,VAC PAD,YES,Denver Truck Terminal Aqueous,YES,Denver Truck Terminal Oil,YES
,,,,NO,NA,YES,Denver Truck Terminal Aqueous,YES,Denver Truck Terminal Oil,YES
DENVERTRUCKTERMINAL,DENVERTERMINAL-6000GALSLOPTANK,DIESELANDGAS,PLANT1-CENTRIFUGEFRACTANKS,NO,TO,YES,Denver Truck Terminal Aqueous,YES,Denver Truck Terminal Oil,YES
,,,,NO,NA,YES,Denver Truck Terminal Aqueous,YES,Denver Truck Terminal Oil,YES
PLANT1-UNIT008-#1OMDTANKFARM,FLUXDOCK,STORMWATER,PLANT1-VACPAD,NO,VAC PAD,No,Stormwater,NO,Stormwater,NO
,,,,NO,NA,NO,Stormwater,NO,Stormwater,NO
CRUDEDOCKSUNLOADING,CRUDEDOCKS-UNDERGROUNDTANK-TANK101SECONDARYCONTAINMENTS,STORMWATER,PLANT1-VACPAD,NO,VAC PAD,NO,Stormwater,NO,Stormwater,NO
,,,,NO,NA,NO,Stormwater,NO,Stormwater,NO
PLANT1-UNIT045-WASTEWATERPLANT(WWTP),PLANT1-WASTEPLASTICTOTEATSUMITOMO,WATER,PLANT1-VACPAD,YES,VAC PAD,NO,SLUDGE,NO,SLUDGE,NO
,,,,YES,VAC PAD,NO,Sludge,NO,Sludge,NO
PLANT1-UNIT045-WASTEWATERPLANT(WWTP),PLANT1-TANK4516,SLUDGE,PLANT1-STORAGEFRACTANKS,YES,Frac Tanks by Flare,NO,TK-4516 Slop Oil Tank Aqueous,NO,TK-4516 Slop Oil Tank,YES
,,,,YES,Frac Tanks by Flare,NO,Sludge,NO,Sludge,NO
DENVERTRUCKTERMINAL,DENVERTERMINAL-6000GALSLOPTANK,DIESELANDGAS,PLANT1-TANK775,NO,Tank 775,YES,Denver Truck Terminal Aqueous,YES,Denver Truck Terminal Oil,YES
,,,,NO,NA,YES,Denver Truck Terminal Aqueous,YES,Denver Truck Terminal Oil,YES
PLANT1-UNIT008-#1OMDTANKFARM,PLANT1-TANK59-TRENCH/STORMWATER,OILYWATER,PLANT1-VACPAD,NO,VAC PAD,NO,Stormwater,NO,Stormwater,NO
,,,,no,NA,NO,Stormwater,NO,Stormwater,no
PLANT1-UNIT008-#1OMDTANKFARM,PLANT1-TANK80-WATERDRAW,REFORMATEANDWATER,PLANT1-VACPAD,YES,VAC PAD,NO,Reformate,NO,Reformate,NO
,,,,YES,VAC PAD,NO,Debut Gasoline,NO,Debut Gasoline,NO
CRUDEDOCKSUNLOADING,CRUDEDOCKS-SECONDARYCONTAINMENTS,STORMWATER,PLANT1-VACPAD,NO,VAC PAD,NO,Stormwater,NO,Stormwater,NO
,,,,NO,NA,NO,Stormwater,NO,Stormwater,NO
PLANT1-STORMWATER,PLANT1PIPELINESTATION,STORMWATER,PLANT1-VACPAD,NO,VAC PAD,NO,Stormwater,NO,Stormwater,NO
,,,,NO,NA,NO,Stormwater,NO,Stormwater,NO
PLANT1-UNIT008-#1OMDTANKFARM,PLANT1-SPIDERBOXOMD,DIESELANDWATER,PLANT1-VACPAD,YES,VAC PAD,NO,"Spider Sump, Aqueous Layer",NO,"Spider Sump, Oil Layer",NO
,,,,YES,VAC PAD,NO,Diesel,NO,Diesel,NO
,,,,YES,VAC PAD,NO,Diesel,No,Diesel,No
PLANT1-UNIT008-#1OMDTANKFARM,PLANT1-TANK62-WATERDRAW,DIESELANDWATER,PLANT1-VACPAD,YES,NA,NO,Diesel,NO,Diesel,NO
,,,,YES,VAC PAD,NO,Diesel,NO,Diesel,NO
,,,,YES,VAC PAD,NO,Diesel,No,Diesel,No
PLANT1-UNIT008-#1OMDTANKFARM,PLANT1-SAMPLEPOINTS#1OMD,GASOLINEANDWATER,PLANT1-VACPAD,NO,NA,NO,Gasoline,NO,Gasoline,NO
,,,,no,NA,NO,Gasoline,no,Gasoline,no
PLANT1-UNIT145-GROUNDWATERREMEDIATION/WELLS,PLANT1-SURGEBASIN,SOLIDSANDWATER,PLANT1-CENTRIFUGEMIXTANKS,NO,NA,NO,All Groundwater,YES,Sludge,NO
,,,,NO,NA,NO,All Groundwater,YES,Remediation Oil,YES
PLANT3-UNIT032-ASPHALTBLENDINGANDLOADING,PLANT3-CPI,OILYWATER,PLANT1-VACPAD,NO,NA,NO,CPI Effluent Aqueous,YES,CPI Effluent Oil,YES
,,,,NO,VAC PAD,NO,CPI Effluent Aqueous,YES,CPI Effluent Oil,NO
PLANT1-UNIT045-WASTEWATERPLANT(WWTP),CRUDEDOCKS-UNDERGROUNDTANK-TANK101,OILYWATER,PLANT1-VACPAD,NO,NA,YES,T-101 Underground Storage Tank Aqueous,YES,T-101 Underground Storage Tank Oil,NO
,,,,NO,VAC PAD,YES,T-101 Underground Storage Tank Aqueous,YES,T-101 Underground Storage Tank Oil,NO
CRUDEDOCKSUNLOADING,PLANT1-CRUDEUNLOADINGSUMP,CRUDEANDWATER,PLANT1-VACPAD,NO,NA,NO,crude,no,crude,no
,,,,NO,NA,NO,Crude,NO,Crude,NO
PLANT1-UNIT008-#1OMDTANKFARM,PLANT1-TANK94-CONTAINMENT,WATER,PLANT1-VACPAD,NO,NA,NO,Stormwater,NO,Stormwater,NO
,,,,no,NA,NO,Stormwater,NO,Stormwater,NO
PLANT3-UNIT019-ASPHALTMATERIAL,PLANT3-CPIDRUM,SOURWATER,PLANT1-VACPAD,NO,VAC PAD,NO,CPI Effluent Aqueous,no,CPI Effluent Oil,""
,,,,NO,VAC PAD,NO,CPI Effluent Aqueous,no,CPI Effluent Oil,no
PLANT1-UNIT008-#1OMDTANKFARM,PLANT1-SPIDERBOXOMD,OILYWATER,PLANT1-VACPAD-TIMS,YES,VAC PAD,NO,"Spider Sump, Aqueous Layer",NO,"Spider Sump, Oil Layer",NO
,,,,YES,VAC PAD,NO,"Spider Sump, Aqueous Layer",NO,"NAPHTHA, LIGHT",NO
PLANT1-UNIT045-WASTEWATERPLANT(WWTP),PLANT1-TANK4508-DGF,OIL,PLANT1-CENTRIFUGEMIXTANKS,YES,TO,NO,TK-4507 Waste Water Tank,YES,TK-4507 Waste Water Tank,NO
,,,,YES,TO,NO,TK-4507 Waste Water Tank,NO,TK-4507 Waste Water Tank,NO
PLANT1-STORMWATER,PLANT1-TANK2004-CONTAINMENT,STORMWATER,PLANT1-VACPAD-JOHNG,NO,VAC PAD,NO,Stormwater,NO,Stormwater,NO
,,,,NO,VAC PAD,NO,Stormwater,NO,Gas Oil,NO
PLANT1-UNIT045-WASTEWATERPLANT(WWTP),PLANT1-CONTAINMENTS-ENVIRONMENTAL,STORMWATER,PLANT1-VACPAD,NO,VAC PAD,NO,Stormwater,NO,Stormwater,""
,,,,NO,VAC PAD,NO,Stormwater,NO,Stormwater,NO
PLANT1-STORMWATER,PLANT1-FLUXLOADINGRACKCONTAINMENT,OILYSTORMWATER,PLANT1-VACPAD-TIMS,NO,VAC PAD,NO,Stormwater,NO,Stormwater,""
,,,,NO,VAC PAD,NO,Stormwater,NO,Stormwater,NO
PLANT1-UNIT045-WASTEWATERPLANT(WWTP),PLANT1-ENVIRONMENTALCONTAINMENTS,STORMWATER,PLANT1-VACPAD,NO,VAC PAD,NO,Stormwater,NO,Stormwater,""
,,,,NO,VAC PAD,NO,Stormwater,NO,Stormwater,NO
PLANT1-UNIT008-#1OMDTANKFARM,PLANT1-TANK3801-WATERDRAW,OILYWATER,PLANT1-VACPAD-BILLP,NO,VAC PAD,NO,Ultra Low Sulfur Diesel,NO,Ultra Low Sulfur Diesel,NO
,,,,NO,VAC PAD,NO,Ultra Low Sulfur Diesel,NO,"NAPHTHA, LIGHT",NO
PLANT2-UNIT210-#2OMDTANKFARM,PLANT2-TANK58-WATERDRAW,OILYWATER,PLANT1-VACPAD,YES,VAC PAD,NO,"NAPHTHA, LIGHT",NO,"NAPHTHA, LIGHT",NO
,,,,NO,VAC PAD,NO,TK-58 Aqueous,NO,TK-58 Aqueous,NO
PLANT1-UNIT008-#1OMDTANKFARM,PLANT1-TANK3801-WATERDRAW,OILYWATER,PLANT1-VACPAD/JOER,NO,VAC PAD,NO,Ultra Low Sulfur Diesel,NO,Ultra Low Sulfur Diesel,NO
,,,,NO,VAC PAD,NO,Ultra Low Sulfur Diesel,NO,Gas Oil,NO
PLANT2-STORMWATER,PLANT2-JOHNSONSRESERVOIR,STORMWATER,PLANT2-LOWERAPI,NO,VAC PAD,NO,Stormwater,NO,Stormwater,""
,,,,NO,VAC PAD,NO,Stormwater,NO,Stormwater,NO
PLANT1-UNIT145-GROUNDWATERREMEDIATION/WELLS,WBTRREDDRAGONVAPOREXTRACTORUNIT,OILYWATER,PLANT1-VACPAD,NO,VAC PAD,NO,All Groundwater,NO,Remediation Oil,""
,,,,NO,VAC PAD,NO,All Groundwater,YES,Remediation Oil,YES
PLANT1-NORTHOFTHEFENCELINE,P1N-SUMPS/WELLS/TRENCHES(CLEANTRUCK),OILYWATER,PLANT1-VACPAD/BILLP,YES,VAC PAD,NO,All Groundwater,YES,Diesel,NO
,,,,YES,VAC PAD,NO,All Groundwater,YES,Remediation Oil,YES
PLANT1-UNIT045-WASTEWATERPLANT(WWTP),PLANT1-OLDAPISDBAY,SLUDGE,PLANT1-CENTRIFUGEMIXTANKS,NO,TO,NO,Stripped Sour Water,YES,Stripped Sour Water,NO
,,,,NO,TO,NO,Stripped Sour Water,NO,Stripped Sour Water,YES
PLANT1-UNIT045-WASTEWATERPLANT(WWTP),PLANT1-OLDAPISCBAY,SLUDGE,PLANT1-CENTRIFUGEMIXTANKS,NO,TO,NO,Stripped Sour Water,YES,Stripped Sour Water,NO
,,,,NO,TO,NO,Stripped Sour Water,NO,Stripped Sour Water,YES
PLANT1-UNIT045-WASTEWATERPLANT(WWTP),PLANT1-CENTRIFUGE,OILYWATER,PLANT1-VACPAD,YES,VAC PAD,NO,TK-4516 Slop Oil Tank Aqueous,NO,TK-4516 Slop Oil Tank,YES
,,,,NO,VAC PAD,NO,TK-4516 Slop Oil Tank Aqueous,NO,TK-4516 Slop Oil Tank,YES
PLANT1-UNIT039-FLARE,PLANT1-GBRFLARESKIRT,WATER,PLANT1-VACPAD,NO,VAC PAD,NO,Stormwater,NO,Stormwater,NO
,,,,NO,VAC PAD,NO,"Knockout Water, Fuel Gas (Hydrocraker)",NO,"Knockout Water, Fuel Gas (Hydrocraker)",NO
PLANT1-UNIT045-WASTEWATERPLANT(WWTP),PLANT1-OLDAPISABAY,WATER,PLANT1-VACPAD,NO,VAC PAD,NO,Stripped Sour Water,YES,Stripped Sour Water,NO
,,,,NO,VAC PAD,NO,Crude,NO,Crude,NO
PLANT1-UNIT045-WASTEWATERPLANT(WWTP),PLANT1-OLDAPISABAY,SLUDGE,PLANT1-CENTRIFUGEMIXTANKS,NO,TO,NO,Stripped Sour Water,YES,Stripped Sour Water,NO
,,,,NO,TO,NO,Crude,NO,Crude,NO
PLANT1-UNIT008-#1OMDTANKFARM,PLANT1-DRUMD-385WATERDRAW,DIESEL,PLANT1-TANK58,NO,Tank 58,NO,Diesel,NO,Diesel,NO
,,,,NO,TK-58,NO,Diesel,NO,Diesel,NO
PLANT1-UNIT045-WASTEWATERPLANT(WWTP),PLANT1-PROOPERPIT,SOLIDSANDWATER,PLANT1-CENTRIFUGEFRACTANKS,NO,VAC PAD,NO,Fourth Lagoon,NO,Fourth Lagoon,NO
,,,,NO,VAC PAD,NO,Fourth Lagoon,YES,Fourth Lagoon,YES
PLANT1-LABORATORY,PLANT1-TANK4516,SLUDGE,PLANT1-CENTRIFUGEFRACTANKS,YES,TO,NO,TK-4516 Slop Oil Tank,NO,TK-4516 Slop Oil Tank,YES
,,,,YES,TO,NO,TK-4516 Slop Oil Tank Aqueous,NO,TK-4516 Slop Oil Tank,YES
PLANT1-UNIT145-GROUNDWATERREMEDIATION/WELLS,SOUTHANDNORTHVAULTSGROUNDWATER,OILYWATER,PLANT1-VACPAD,YES,VAC PAD,NO,All Groundwater,NO,Remediation Oil,NO
,,,,YES,VAC PAD,NO,All Groundwater,NO,Remediation Oil,YES
PLANT1-UNIT045-WASTEWATERPLANT(WWTP),PLANT1-TANK4501,SOLIDS,PLANT1-CENTRIFUGEFRACTANKS,YES,TO,NO,"Tank 4501, Aqueous Layer",NO,"Tank 4501, Oil Layer",NO
,,,,YES,TO,YES,"Tank 4501, Aqueous Layer",NO,"Tank 4501, Oil Layer",NO
PLANT1-UNIT045-WASTEWATERPLANT(WWTP),PLANT1-FRACTANKS-CENTRIFUGE,OILYWATER,PLANT1-VACPAD,YES,TO,NO,TK-4516 Slop Oil Tank Aqueous,NO,TK-4516 Slop Oil Tank,YES
,,,,NO,VAC PAD,NO,TK-4516 Slop Oil Tank Aqueous,NO,TK-4516 Slop Oil Tank,YES
