date,vacuum_truck_number,unit,vacuum_truck_movement_description,vacuum_truck_material_description,offload_sitewaste_destination,controlled_yes_no,destination_benzene_control_description,,,total_waste_quantity_bbls,,vac_truck_log_water_content
09/01/2013,LV-1,CRUDE DOCKS UNLOADING,CRUDE DOCKS - UNDERGROUND TANK - TANK 101,OILY WATER,PLANT 1 - VAC PAD,,VAC PAD,,,60,,99%
09/02/2013,LV-7,PLANT 1 - NORTH OF THE FENCELINE,P1 N – Sumps/Wells/Trenches (clean truck),OILY WATER,PLANT 1 - VAC PAD,,VAC PAD,,,1.5,,99%
09/02/2013,LV-7,PLANT 1 - NORTH OF THE FENCELINE,P1 N – Tank 3 (clean truck),SLOP OIL,PLANT 2 - TANK 20,,TANK 20,,,0.75,,<10%
09/02/2013,LV-7,PLANT 1 - NORTH OF THE FENCELINE,P1 N – Tank 4(clean truck),SLOP OIL,PLANT 2 - TANK 20,,TANK 20,,,12,,<10%
09/02/2013,LV-7,PLANT 1 - NORTH OF THE FENCELINE,P1N - Tank 29 (clean truck),SLOP OIL,PLANT 2 - TANK 20,,TANK 20,,,9,,<10%
09/02/2013,LV-7,PLANT 1 - NORTH OF THE FENCELINE,P1 N – Sump 29 (clean truck),SLOP OIL,PLANT 2 - TANK 20,,TANK 20,,,1,,<10%
09/02/2013,LV-7,PLANT 1 - NORTH OF THE FENCELINE,P1 N – Tank 2 (clean truck),SLOP OIL,PLANT 2 - TANK 20,,TANK 20,,,28,,<10%
09/02/2013,LV-2,PLANT 1 - UNIT 008 - #1 OMD TANK FARM,PLANT 1 - TANK 775 - SUMP / WATER DRAW,OILY WATER,PLANT 1 - VAC PAD,,VAC PAD,,,80,,>90%
09/02/2013,LV-2,PLANT 1 - UNIT 008 - #1 OMD TANK FARM,PLANT 1 - TANK 58 - WATER DRAW,OILY WATER,PLANT 1 - VAC PAD,,VAC PAD,,,10,,>90%
09/02/2013,LV-2,PLANT 1 - UNIT 008 - #1 OMD TANK FARM,PLANT 1 - TANK 3801 - WATER DRAW,OILY WATER,PLANT 1 - VAC PAD,,VAC PAD,,,30,,>90%
09/02/2013,LV-2,PLANT 1 - UNIT 008 - #1 OMD TANK FARM,PLANT 1 - SPIDER BOX OMD,OILY WATER,PLANT 1 - VAC PAD,,VAC PAD,,,60,,>90%
09/02/2013,LV-1,PLANT 2 - UNIT 210 - #2 OMD TANK FARM,PLANT 2 - LIQUID UNDERGROUND STORAGE TANK,GASOLINE,PLANT 2 - TANK 20,,TANK 20,,,10,,<10%
09/02/2013,LV-1,PLANT 2 - UNIT 210 - #2 OMD TANK FARM,PLANT 2 - TANK 20 - WATER DRAW,OILY WATER,PLANT 1 - VAC PAD,,VAC PAD,,,10,,99%
09/02/2013,LV-1,PLANT 2 - UNIT 210 - #2 OMD TANK FARM,PLANT 2 - TANK 6 - WATER DRAW,OILY WATER,PLANT 1 - VAC PAD,,VAC PAD,,,35,,99%
09/03/2013,LV-1,PLANT 1 - LABORATORY,PLANT 1 - TANK 4516 - SLUDGE,SLUDGE,PLANT 1 - CENTRIFUGE FRAC TANKS,,TO,,,360,,<10%
09/03/2013,LV-1,PLANT 1 - LABORATORY,PLANT 1 - TANK 4516 ,OILY WATER,PLANT 1 - VAC PAD,,VAC PAD,,,60,,99%
09/03/2013,LV-2,PLANT 1 - UNIT 008 - #1 OMD TANK FARM,PLANT 1 - TANK 3801 - WATER DRAW,OILY WATER,PLANT 1 - VAC PAD,,VAC PAD,,,55,,>90%
09/03/2013,LV-2,PLANT 1 - UNIT 008 - #1 OMD TANK FARM,PLANT 1 - TANK 776 - WATER DRAW,OILY WATER,PLANT 1 - VAC PAD,,VAC PAD,,,7,,>90%
09/03/2013,LV-2,PLANT 1 - UNIT 008 - #1 OMD TANK FARM,PLANT 1 - SPIDER BOX OMD,OILY WATER,PLANT 1 - VAC PAD,,VAC PAD,,,50,,>90%
09/03/2013,LV-2,PLANT 1 - UNIT 008 - #1 OMD TANK FARM,PLANT 1 - TANK 52 - PUMP CONTAINMENT,WASH WATER,PLANT 1 - VAC PAD,,VAC PAD,,,2,,99%
09/03/2013,LV-2,PLANT 1 - UNIT 008 - #1 OMD TANK FARM,PLANT 1 - ETHANOL DRUMS,ETHANOL,PLANT 1 - VAC PAD,,VAC PAD,,,1,,<10%
09/03/2013,LV-2,PLANT 1 - UNIT 008 - #1 OMD TANK FARM,PLANT 1 - TANK 72 - SUMP / WATER DRAW,OILY WATER,PLANT 1 - VAC PAD,,VAC PAD,,,20,,>90%
09/03/2013,LV-2,PLANT 1 - UNIT 039 - FLARE,PLANT 1 - FLARE SUMP,WATER,PLANT 1 - VAC PAD,,VAC PAD,,,10,,99%
09/04/2013,LV-1,PLANT 1 - LABORATORY,PLANT 1 - SAMPLE POINTS - ENVIRONMENTAL,OILY WATER,PLANT 1 - VAC PAD,,VAC PAD,,,2,,99%
09/04/2013,LV-1,PLANT 1 - LABORATORY,PLANT 1 - TANK 60 - OIL DRAIN,OILY WATER,PLANT 1 - VAC PAD,,VAC PAD,,,2,,>90%
09/04/2013,LV-1,PLANT 1 - LABORATORY,PLANT 1 - 4TH LAGOON,OILY WATER,PLANT 1 - VAC PAD,,VAC PAD,,,10,,99%
09/04/2013,LV-1,CRUDE DOCKS UNLOADING,CRUDE DOCKS - UNDERGROUND TANK - TANK 101,OILY WATER,PLANT 1 - VAC PAD,,VAC PAD,,,60,,99%
09/04/2013,LV-2,PLANT 2 - UNIT 210 - #2 OMD TANK FARM,PLANT 2 - OLD CRUDE LINE T10/T11,OILY WATER,PLANT 1 - VAC PAD,,VAC PAD,,,0.5,,70-90%
09/04/2013,LV-2,PLANT 1 - UNIT 008 - #1 OMD TANK FARM,PLANT 1 - TANK 3801 - WATER DRAW,OILY WATER,PLANT 1 - VAC PAD,,VAC PAD,,,60,,>90%
09/04/2013,LV-2,PLANT 1 - UNIT 008 - #1 OMD TANK FARM,PLANT 1 - TANK 64/65/66 - WATER DRAW,OILY WATER,PLANT 1 - VAC PAD,,VAC PAD,,,25,,>90%
09/05/2013,LV-4,PLANT 2 - UNIT 210 - #2 OMD TANK FARM,PLANT 2 - CRUDE SETTLER,CRUDE,PLANT 2 - TANK 20,,TANK 20,,,105,,<10%
09/05/2013,LV-4,PLANT 2 - UNIT 210 - #2 OMD TANK FARM,PLANT 2 - CRUDE SETTLER- BAY 3,CRUDE,PLANT 2 - TANK 20,,TANK 20,,,12,,<10%
09/05/2013,LV-4,PLANT 2 - UNIT 210 - #2 OMD TANK FARM,PLANT 2 - CRUDE  SUMP,CRUDE,PLANT 2 - TANK 20,,TANK 20,,,5,,<10%
09/05/2013,LV-7,PLANT 1 - NORTH OF THE FENCELINE,P1 N – Sumps/Wells/Trenches (clean truck),OILY WATER,PLANT 1 - VAC PAD,,VAC PAD,,,6,,99%
09/05/2013,LV-4,PLANT 2 - water draws,PLANT 2 - TANK 6 - WATER DRAW,OILY WATER,PLANT 1 - VAC PAD,,VAC PAD,,,1,,99%
09/05/2013,LV-4,PLANT 2 - water draws,PLANT 2 - TANK 45 - WATER DRAW,OILY WATER,PLANT 1 - VAC PAD,,VAC PAD,,,7,,99%
09/05/2013,LV-4,PLANT 2 - water draws,PLANT 2 - TANK 57 - WATER DRAW,OILY WATER,PLANT 1 - VAC PAD,,VAC PAD,,,2,,99%
09/05/2013,LV-4,PLANT 2 - water draws,PLANT 2 - TANK 62 - WATER DRAW,OILY WATER,PLANT 1 - VAC PAD,,VAC PAD,,,1,,99%
09/05/2013,LV-2,PLANT 2 - UNIT 070 - WASTE WATER,PLANT 2 - MIDDLE API,OILY WATER,PLANT 1 - VAC PAD,,VAC PAD,,,16,,>90%
09/05/2013,LV-2,PLANT 1 - UNIT 039 - FLARE,PLANT 1 - FLARE SUMP,WATER,PLANT 1 - VAC PAD,,VAC PAD,,,5,,99%
09/05/2013,LV-2,PLANT 1 - UNIT 039 - FLARE,PLANT 1 - DRUM D-322 CONTAINMENT - STORMWATER/WATER,WATER,PLANT 1 - VAC PAD,,VAC PAD,,,3,,99%
09/05/2013,LV-2,PLANT 1 - UNIT 008 - #1 OMD TANK FARM,PLANT 1 - CRUDE UNLOADING SUMP,OILY WATER,PLANT 1 - VAC PAD,,VAC PAD,,,3,,>90%
09/05/2013,LV-2,PLANT 1 - UNIT 008 - #1 OMD TANK FARM,PLANT 1 - TANK 3801 - WATER DRAW,OILY WATER,PLANT 1 - VAC PAD,,VAC PAD,,,20,,>90%
09/05/2013,LV-2,PLANT 2 - UNIT 070 - WASTE WATER,PLANT 2 - MIDDLE API,OILY WATER,PLANT 1 - VAC PAD,,VAC PAD,,,20,,99%
09/05/2013,LV-2,DENVER TRUCK TERMINAL,DENVER TERMINAL - 6000 GAL SLOP TANK,OILY WATER,PLANT 1 - VAC PAD,,VAC PAD,,,5,,>90%
09/05/2013,LV-2,DENVER TRUCK TERMINAL,DENVER TERMINAL - 6000 GAL SLOP TANK,DIESEL AND GAS,PLANT 2 - TANK 20,,TANK 20,,,15,,<10%
09/05/2013,LV-5,PLANT 1 - UNIT 008 - #1 OMD TANK FARM,PLANT 1 - TANK 3801 ,DIESEL,PLANT 1 - TANK 34,,,,,60,,<10%
09/05/2013,LV-4,PLANT 1 - UNIT 008 - #1 OMD TANK FARM,PLANT 1 - TANK 3801 ,DIESEL,PLANT 1 - TANK 34,,,,,60,,<10%
09/05/2013,LV-8,PLANT 1 - UNIT 008 - #1 OMD TANK FARM,PLANT 1 - TANK 3801,DIESEL,PLANT 1 - TANK 34,,,,,120,,<10%
09/05/2013,LV-1,PLANT 1 - LABORATORY,PLANT 1 - TANK 4508 - DGF,DIESEL,PLANT 1 - CENTRIFUGE FRAC TANKS,,TO,,,55,,<10%
09/05/2013,LV-1,PLANT 1 - LABORATORY,PLANT 1 - TANK 60 - OIL DRAIN,OILY WATER,PLANT 1 - VAC PAD,,VAC PAD,,,2,,99%
09/05/2013,LV-1,PLANT 1 - LABORATORY,PLANT 1 - FINGER LAKE,OILY WATER,PLANT 1 - VAC PAD,,VAC PAD,,,10,,99%
09/05/2013,LV-1,PLANT 1 - UNIT 008 - #1 OMD TANK FARM,PLANT 1 - TANK 3801,DIESEL,PLANT 1 - TANK 4508,,,,,60,,<10%
09/06/2013,LV-7,PLANT 1 - NORTH OF THE FENCELINE,P1 N – Tank 2 (clean truck),SLOP OIL,PLANT 2 - TANK 20,,TANK 20,,,18,,<10%
09/06/2013,LV-7,PLANT 1 - NORTH OF THE FENCELINE,P1 N – Tank 3 (clean truck),SLOP OIL,PLANT 2 - TANK 20,,TANK 20,,,10,,<10%
09/06/2013,LV-7,PLANT 1 - NORTH OF THE FENCELINE,P1 N – Tank 4(clean truck),SLOP OIL,PLANT 2 - TANK 20,,TANK 20,,,9.5,,<10%
09/06/2013,LV-7,PLANT 1 - NORTH OF THE FENCELINE,P1N - Tank 29 (clean truck),SLOP OIL,PLANT 2 - TANK 20,,TANK 20,,,9.5,,<10%
09/06/2013,LV-4,PLANT 2 - UNIT 210 - #2 OMD TANK FARM,PLANT 2 - TANK 6 - WATER DRAW,OILY WATER,PLANT 1 - VAC PAD,,VAC PAD,,,52,,99%
09/06/2013,LV-1,PLANT 1 - LABORATORY,PLANT 1 - 3RD LAGOON,WATER,PLANT 1 - VAC PAD,,VAC PAD,,,60,,99%
09/06/2013,LV-1,PLANT 1 - LABORATORY,PLANT 1 - TANK 4513 - SLUDGE,SLUDGE,PLANT 1 - TANK 29,,,,,100,,<10%
09/06/2013,LV-1,PLANT 1 - LABORATORY,PLANT 1 - TANK 27 - SLUDGE,SLUDGE,PLANT 1 - TANK 29,,,,,20,,<10%
09/06/2013,LV-1,PLANT 1 - LABORATORY,PLANT 1 - CENTRIFUGE ,WASH WATER,PLANT 1 - VAC PAD,,VAC PAD,,,2,,99%
09/06/2013,LV-1,PLANT 1 - LABORATORY,PLANT 1 - TANK 60 - OIL DRAIN,OILY WATER,PLANT 1 - VAC PAD,,VAC PAD,,,2,,>90%
09/06/2013,LV-106,PLANT 1 - UNIT 008 - #1 OMD TANK FARM,PLANT 1 - TANK 34,DIESEL,PLANT 2 - TANK 20,,TANK 20,,,60,,<10%
09/06/2013,LV-2,PLANT 1 - UNIT 008 - #1 OMD TANK FARM,PLANT 1 - TANK 34 ,DIESEL,PLANT 2 - TANK 20,,TANK 20,,,170,,<10%
09/06/2013,LV-106,PLANT 1 - UNIT 008 - #1 OMD TANK FARM,PLANT 1 - TANK 3801 ,DIESEL,PLANT 1 - TANK 34,,,,,240,,<10%
09/06/2013,LV-2,PLANT 1 - UNIT 008 - #1 OMD TANK FARM,PLANT 1 - TANK 3801 ,DIESEL,PLANT 1 - TANK 34,,,,,240,,<10%
09/06/2013,LV-2,PLANT 1 - UNIT 008 - #1 OMD TANK FARM,PLANT 1 - TANK 775 - SUMP / WATER DRAW,OILY WATER,PLANT 1 - VAC PAD,,VAC PAD,,,60,,>90%
09/06/2013,LV-2,PLANT 1 - UNIT 008 - #1 OMD TANK FARM,PLANT 1 - TANK 3801 - WATER DRAW,OILY WATER,PLANT 1 - VAC PAD,,VAC PAD,,,40,,>90%
09/06/2013,LV-2,PLANT 1 - UNIT 008 - #1 OMD TANK FARM,PLANT 1 - SPIDER BOX OMD,OILY WATER,PLANT 1 - VAC PAD,,VAC PAD,,,45,,>90%
09/07/2013,LV-7,PLANT 1 - NORTH OF THE FENCELINE,P1 N – Sumps/Wells/Trenches (clean truck),OILY WATER,PLANT 1 - VAC PAD,,VAC PAD,,,1,,99%
09/07/2013,LV-7,PLANT 1 - NORTH OF THE FENCELINE,P1 N – Tank 2 (clean truck),SLOP OIL,PLANT 2 - TANK 20,,TANK 20,,,13,,<10%
09/07/2013,LV-7,PLANT 1 - NORTH OF THE FENCELINE,P1 N – Tank 3 (clean truck),SLOP OIL,PLANT 2 - TANK 20,,TANK 20,,,6,,<10%
09/07/2013,LV-7,PLANT 1 - NORTH OF THE FENCELINE,P1 N – Tank 4(clean truck),SLOP OIL,PLANT 2 - TANK 20,,TANK 20,,,8,,<10%
09/07/2013,LV-7,PLANT 1 - NORTH OF THE FENCELINE,P1N - Tank 29 (clean truck),SLOP OIL,PLANT 2 - TANK 20,,TANK 20,,,7,,<10%
09/07/2013,LV-7,PLANT 1 - NORTH OF THE FENCELINE,P1 N – Tank WBTR-03 (clean truck),SLOP OIL,PLANT 2 - TANK 20,,TANK 20,,,3,,<10%
09/07/2013,LV-7,PLANT 1 - LABORATORY (ENVIRONMENTAL AREAS),PLANT 1- GRONDWATER RECOVERY TANKS - SAND CREEK TK-3,SLOP OIL,PLANT 2 - TANK 20,,TANK 20,,,6,,<10%
09/07/2013,LV-7,PLANT 1 - LABORATORY (ENVIRONMENTAL AREAS ),PLANT 1- GROUNDWATER RECOVERY TANKS SAND CREEK TK-4,SLOP OIL,PLANT 2 - TANK 20,,TANK 20,,,3,,<10%
09/07/2013,LV-7,PLANT 1 - LABORATORY (ENVIRONMENTAL  AREAS),PLANT 1 -GROUNDWATER RECOVERY TANKS - SAND CREEK- TK-7,SLOP OIL,PLANT 2 - TANK 20,,TANK 20,,,4,,<10%
09/08/2013,LV-1,CRUDE DOCKS UNLOADING,CRUDE DOCKS - UNDERGROUND TANK - TANK 101,OILY WATER,PLANT 1 - VAC PAD,,VAC PAD,,,60,,99%
09/08/2013,LV-2,PLANT 3 - UNIT 032 - ASPHALT BLENDING AND LOADING,PLANT 3 - AU GAS OIL PAD PUMP CONTAINMENT,WATER,PLANT 1 - VAC PAD,,VAC PAD,,,15,,99%
09/08/2013,LV-2,PLANT 3 - UNIT 032 - ASPHALT BLENDING AND LOADING,PLANT 3 - WASTE OIL DRUM,OIL,PLANT 1 - VAC PAD,,VAC PAD,,,0.25,,<10%
09/08/2013,LV-2,PLANT 3 - UNIT 032 - ASPHALT BLENDING AND LOADING,PLANT 3 - VAPOR BBLS,OILY WATER,PLANT 1 - VAC PAD,,VAC PAD,,,0.75,,>90%
09/08/2013,LV-2,PLANT 3 - UNIT 032 - ASPHALT BLENDING AND LOADING,PLANT 3 - CPI CONTAINMENT,WATER,PLANT 1 - VAC PAD,,VAC PAD,,,30,,99%
09/08/2013,LV-2,PLANT 1 - UNIT 008 - #1 OMD TANK FARM,PLANT 1 - CRUDE TRUCK UNLOAD LINE,CRUDE,PLANT 1 - TANK 58,,,,,10,,<10%
09/09/2013,LV-7,PLANT 1 - NORTH OF THE FENCELINE,old pond area,OILY WATER,PLANT 1 - VAC PAD,,VAC PAD,,,70,,99%
09/09/2013,LV-2,PLANT 1 - UNIT 008 - #1 OMD TANK FARM,PLANT 1 - TANK 67 - WATER DRAW,OILY WATER,PLANT 1 - VAC PAD,,VAC PAD,,,1,,>90%
09/09/2013,LV-2,PLANT 1 - UNIT 008 - #1 OMD TANK FARM,PLANT 1 - PUMP P-809 - DRAIN / FLUSH,OILY WATER,PLANT 1 - VAC PAD,,VAC PAD,,,20,,>90%
09/09/2013,LV-2,PLANT 1 - UNIT 008 - #1 OMD TANK FARM,PLANT 1 - TANK 774 - PUMP CONTAINMENT ,WASH WATER,PLANT 1 - VAC PAD,,VAC PAD,,,2,,99%
09/09/2013,LV-2,PLANT 1 - UNIT 008 - #1 OMD TANK FARM,PLANT 1 - TANK 3801 - WATER DRAW,OILY WATER,PLANT 1 - VAC PAD,,VAC PAD,,,30,,>90%
09/09/2013,LV-2,PLANT 1 - UNIT 039 - FLARE,PLANT 1 - FLARE SUMP,WATER,PLANT 1 - VAC PAD,,VAC PAD,,,10,,99%
09/09/2013,LV-2,PLANT 1 - UNIT 039 - FLARE,PLANT 1 - DRUM D-322 CONTAINMENT - STORMWATER/WATER,WATER,PLANT 1 - VAC PAD,,VAC PAD,,,2,,99%
09/09/2013,LV-2,PLANT 1 - UNIT 008 - #1 OMD TANK FARM,PLANT 1 - TANK 775 - SUMP / WATER DRAW,OILY WATER,PLANT 1 - VAC PAD,,VAC PAD,,,40,,>90%
09/09/2013,LV-2,PLANT 1 - UNIT 008 - #1 OMD TANK FARM,PLANT 1 - TANK 58 - WATER DRAW,OILY WATER,PLANT 1 - VAC PAD,,VAC PAD,,,20,,>90%
09/09/2013,LV-1,PLANT 1 - LABORATORY,PLANT 1 - TANK 4516 ,OILY WATER,PLANT 1 - VAC PAD,,VAC PAD,,,120,,99%
09/09/2013,LV-1,PLANT 1 - LABORATORY,PLANT 1 - TANK 4516 ,SLUDGE,PLANT 1 - CENTRIFUGE FRAC TANKS,,TO,,,300,,<10%
09/09/2013,LV-1,PLANT 1 - LABORATORY,PLANT 1 - TANK 60 - OIL DRAIN,OILY WATER,PLANT 1 - VAC PAD,,VAC PAD,,,2,,99%
09/09/2013,,,,,,,,,,,,
09/09/2013,LV-4,PLANT 2 - UNIT 210 - #2 OMD TANK FARM,PLANT 2 - TANK 6 - WATER DRAW,OILY WATER,PLANT 1 - VAC PAD,,VAC PAD,,,56,,99%
09/09/2013,LV-4,PLANT 2 - UNIT 210 - #2 OMD TANK FARM,PLANT 2 - TANK 6 - WATER DRAW,OILY WATER,PLANT 1 - VAC PAD,,VAC PAD,,,18,,99%
09/09/2013,LV-2,PLANT 1 - STORMWATER,PLANT 1 - MAIN GATE - STORMWATER,STORMWATER,PLANT 1 - VAC PAD,,VAC PAD,,,45,,99%
09/09/2013,LV-2,PLANT 1 - STORMWATER,NELSON BUILDING,STORMWATER,PLANT 1 - VAC PAD,,VAC PAD,,,120,,99%
09/10/2013,LV-1,PLANT 2 - UNIT 003 - #2 POLYMERIZATION,PLANT 2 - JOHNSONS RESERVOIR ,STORMWATER,PLANT 2 - LOWER API,,,,,418,,99%
09/10/2013,307162,PLANT 1 - NORTH OF THE FENCELINE,P1N - by Tank 30,STORMWATER,PLANT 1 - VAC PAD,,VAC PAD,,,25,,99%
09/10/2013,307162,PLANT 1 - NORTH OF THE FENCELINE,P1 N – Sumps/Wells/Trenches (clean truck),OILY WATER,PLANT 1 - VAC PAD,,VAC PAD,,,20,,99%
09/10/2013,LV-2,PLANT 1 - STORMWATER,NELSON BUILDING,STORMWATER,PLANT 1 - VAC PAD,,VAC PAD,,,120,,99%
09/10/2013,LV-1,CRUDE DOCKS UNLOADING,CRUDE DOCKS - UNDERGROUND TANK - TANK 101,OILY WATER,PLANT 1 - VAC PAD,,VAC PAD,,,65,,99%
09/10/2013,LV-2,PLANT 1 - STORMWATER,PLANT 1 - TANK 2007 - CONTAINMENT,STORMWATER,PLANT 1 - VAC PAD,,VAC PAD,,,25,,99%
09/10/2013,LV-2,PLANT 1 - STORMWATER,PLANT 1 - TANK 52 - PUMP CONTAINMENT,STORMWATER,PLANT 1 - VAC PAD,,VAC PAD,,,5,,99%
09/10/2013,LV-2,PLANT 1 - STORMWATER,PLANT 1 - SEWER OMD 1 WEST SIDE,STORMWATER,PLANT 1 - VAC PAD,,VAC PAD,,,25,,99%
09/10/2013,LV-2,PLANT 1 - UNIT 008 - #1 OMD TANK FARM,PLANT 1 - P314 T52 DRAIN / WATER WASH,OILY WATER,PLANT 1 - VAC PAD,,VAC PAD,,,25,,>90%
09/10/2013,LV-2,PLANT 1 - STORMWATER,PLANT 1 - DRUM D-322 CONTAINMENT - STORMWATER/WATER,STORMWATER,PLANT 1 - VAC PAD,,VAC PAD,,,20,,99%
09/10/2013,LV-2,PLANT 1 - STORMWATER,PLANT 1 - DRUM D-3924 CONTAINMENT - STORMWATER/WATER,STORMWATER,PLANT 1 - VAC PAD,,VAC PAD,,,30,,99%
09/10/2013,LV-2,PLANT 1 - UNIT 008 - #1 OMD TANK FARM,PLANT 1 - TANK 3801 - WATER DRAW,OILY WATER,PLANT 1 - VAC PAD,,VAC PAD,,,60,,>90%
09/10/2013,LV-2,PLANT 1 - UNIT 008 - #1 OMD TANK FARM,PLANT 1 - ETHANOL DRUMS,ETHANOL,PLANT 1 - VAC PAD,,VAC PAD,,,1,,<10%
09/10/2013,LV-2,PLANT 1 - UNIT 008 - #1 OMD TANK FARM,PLANT 1 - TANK 3801 - PUMP CONTAINMENT,STORMWATER,PLANT 1 - VAC PAD,,VAC PAD,,,20,,99%
09/10/2013,LV-2,PLANT 1 - UNIT 008 - #1 OMD TANK FARM,PLANT 1 - SPIDER BOX OMD,OILY WATER,PLANT 1 - VAC PAD,,VAC PAD,,,40,,>90%
09/10/2013,LV-2,PLANT 2 - STORMWATER,PLANT 2 - SEWER BAY 1 ,OILY STORM WATER,PLANT 1 - VAC PAD,,VAC PAD,,,5,,99%
09/10/2013,LV-2,PLANT 2 - STORMWATER,PLANT 2 - CRUDE DOCKS SUMP,OILY STORM WATER,PLANT 1 - VAC PAD,,VAC PAD,,,10,,99%
09/11/2013,307162,PLANT 1 - NORTH OF THE FENCELINE,P1 N – Tank 2 (clean truck),SLOP OIL,PLANT 2 - TANK 20,,TANK 20,,,13,,<10%
09/11/2013,307162,PLANT 1 - NORTH OF THE FENCELINE,P1 N – Tank 3 (clean truck),SLOP OIL,PLANT 2 - TANK 20,,TANK 20,,,8,,<10%
09/11/2013,307162,PLANT 1 - NORTH OF THE FENCELINE,P1 N – Tank 4(clean truck),SLOP OIL,PLANT 2 - TANK 20,,TANK 20,,,9,,<10%
09/11/2013,307162,PLANT 1 - NORTH OF THE FENCELINE,P1N - Tank 29(clean truck),SLOP OIL,PLANT 2 - TANK 20,,TANK 20,,,3,,<10%
09/11/2013,307162,PLANT 1 - NORTH OF THE FENCELINE,P1N - Tank WBTR -14(clean truck),SLOP OIL,PLANT 2 - TANK 20,,TANK 20,,,3,,<10%
09/11/2013,307162,PLANT 1 - NORTH OF THE FENCELINE,P1N - Tank WBTR - 05(clean truck),SLOP OIL,PLANT 2 - TANK 20,,TANK 20,,,3,,<10%
09/11/2013,307162,PLANT 1 -  BY LABORATORY,PLANT 1 GROUNWATER RECOVERY TANKS - SAND CREEK. GWTR-TANK-10,SLOP OIL,PLANT 2 - TANK 20,,TANK 20,,,4,,<10%
09/11/2013,LV-1,PLANT 2 - UNIT 003 - #2 POLYMERIZATION,PLANT 2 - JOHNSONS RESERVOIR ,STORMWATER,PLANT 2 - LOWER API,,,,,560,,99%
09/11/2013,LV-5,CRUDE DOCKS UNLOADING,CRUDE DOCKS - UNDERGROUND TANK - TANK 101,OILY WATER,PLANT 1 - VAC PAD,,VAC PAD,,,65,,99%
09/11/2013,LV-5,CRUDE DOCKS UNLOADING,CRUDE DOCKS - UNDERGROUND TANK - TANK 101,OILY WATER,PLANT 1 - VAC PAD,,VAC PAD,,,65,,99%
09/11/2013,LV-5,CRUDE DOCKS UNLOADING,CRUDE DOCKS - UNDERGROUND TANK - TANK 101,OILY WATER,PLANT 1 - VAC PAD,,VAC PAD,,,65,,99%
09/11/2013,LV-1,PLANT 2 - UNIT 210 - #2 OMD TANK FARM,PLANT 2 - CRUDE DOCKS SUMP,OILY WATER,PLANT 1 - VAC PAD,,VAC PAD,,,10,,99%
09/11/2013,LV-1,PLANT 2 - UNIT 210 - #2 OMD TANK FARM,PLANT 2  - STORMWATER,STORMWATER,PLANT 1 - VAC PAD,,VAC PAD,,,45,,99%
09/11/2013,LV-1,PLANT 2 - UNIT 210 - #2 OMD TANK FARM,PLANT 2 - TANK 57 - WATER DRAW,OILY WATER,PLANT 1 - VAC PAD,,VAC PAD,,,3,,99%
09/11/2013,LV-1,PLANT 2 - UNIT 210 - #2 OMD TANK FARM,PLANT 2 - TANK 62 - WATER DRAW,OILY WATER,PLANT 1 - VAC PAD,,VAC PAD,,,2,,99%
09/11/2013,LV-1,PLANT 2 - UNIT 210 - #2 OMD TANK FARM,PLANT 2 - TANK 6 - WATER DRAW,OILY WATER,PLANT 1 - VAC PAD,,VAC PAD,,,35,,99%
09/11/2013,LV-5,PLANT 1 - UNIT 045 - WASTEWATER PLANT (WWTP),PLANT 1 - 4TH LAGOON,OILY WATER,PLANT 1 - VAC PAD,,VAC PAD,,,6,,>90%
09/11/2013,LV-5,PLANT 1 - UNIT 045 - WASTEWATER PLANT (WWTP),PLANT 1 - MORGAN BOX,OILY WATER,PLANT 1 - VAC PAD,,VAC PAD,,,5,,>90%
09/11/2013,LV-5,PLANT 1 - UNIT 045 - WASTEWATER PLANT (WWTP),PLANT 1 - PROOPER PIT,OILY WATER,PLANT 1 - VAC PAD,,VAC PAD,,,7,,>90%
09/11/2013,LV-5,PLANT 1 - UNIT 045 - WASTEWATER PLANT (WWTP),"SECONDARY CONTAINTMENTS FROM TANKS-4514, 4515 4516 4517 4518 AND ENVIRONMENTALS COUSTIC TK.",STORMWATER,PLANT 1 - VAC PAD,,VAC PAD,,,65,,99%
09/11/2013,LV-5,PLANT 1 - UNIT 045 - WASTEWATER PLANT (WWTP),PLANT 1 - SAMPLE POINTS - ENVIRONMENTAL,OILY WATER,PLANT 1 - VAC PAD,,VAC PAD,,,8,,99%
09/11/2013,LV-5,PLANT 1 - UNIT 045 - WASTEWATER PLANT (WWTP),PLANT 1 - MORGAN BOX,STORMWATER,PLANT 1 - VAC PAD,,VAC PAD,,,130,,99%
09/13/2013,LV-5,PLANT 1 - UNIT 045 - WASTEWATER PLANT (WWTP),PLANT 1 - 4TH LAGOON,OILY WATER,PLANT 1 - VAC PAD,,VAC PAD,,,8,,99%
09/13/2013,LV-5,PLANT 1 - UNIT 045 - WASTEWATER PLANT (WWTP),PLANT 1 - PROOPER PIT,OILY WATER,PLANT 1 - VAC PAD,,VAC PAD,,,7,,99%
09/13/2013,LV-5,PLANT 1 - UNIT 045 - WASTEWATER PLANT (WWTP),PLANT 1 - MORGAN BOX,OILY WATER,PLANT 1 - VAC PAD,,VAC PAD,,,4,,99%
09/13/2013,LV-5,PLANT 1 - UNIT 045 - WASTEWATER PLANT (WWTP),PLANT 1 - TANK 4513 - SLUDGE,OILY WATER,PLANT 1 - VAC PAD,,VAC PAD,,,65,,99%
09/13/2013,LV-5,PLANT 1 - UNIT 045 - WASTEWATER PLANT (WWTP),PLANT 1 - TANK 4513 - SLUDGE,OILY WATER,PLANT 1 - VAC PAD,,VAC PAD,,,30,,99%
09/13/2013,LV-5,PLANT 1 - UNIT 045 - WASTEWATER PLANT (WWTP),"PLANT 1 - TANKS 4514,4515,4516,4517,4518, ENVIRONMENTALS CAUSTIC  - CONTAINMENTS",STORMWATER,PLANT 1 - VAC PAD,,VAC PAD,,,60,,99%
09/13/2013,LV-5,CRUDE DOCKS UNLOADING,CRUDE DOCKS - UNDERGROUND TANK - TANK 101,OILY WATER,PLANT 1 - VAC PAD,,VAC PAD,,,65,,99%
09/13/2013,LV-5,PLANT 1 - UNIT 045 - WASTEWATER PLANT (WWTP),PLANT 1 - SAMPLE POINTS - ENVIRONMENTAL,OILY WATER,PLANT 1 - VAC PAD,,VAC PAD,,,6,,99%
09/13/2013,LV-5,CRUDE DOCKS UNLOADING,CRUDE DOCKS - UNDERGROUND TANK - TANK 101,OILY WATER,PLANT 1 - VAC PAD,,VAC PAD,,,65,,99%
09/13/2013,LV-5,PLANT 1 - UNIT 045 - WASTEWATER PLANT (WWTP),PLANT 1 - PROOPER PIT,OILY WATER,PLANT 1 - VAC PAD,,VAC PAD,,,7,,99%
09/13/2013,LV-5,PLANT 1 - UNIT 045 - WASTEWATER PLANT (WWTP),PLANT 1 - MORGAN BOX,OILY WATER,PLANT 1 - VAC PAD,,VAC PAD,,,5,,99%
09/13/2013,LV-5,PLANT 1 - UNIT 045 - WASTEWATER PLANT (WWTP),PLANT 1 - 4TH LAGOON,OILY WATER,PLANT 1 - VAC PAD,,VAC PAD,,,8,,99%
09/13/2013,LV-5,PLANT 1 - UNIT 045 - WASTEWATER PLANT (WWTP),PLANT 1 - TANK 4513 - SLUDGE,SLUDGE,PLANT 1 - CENTRIFUGE FRAC TANKS,,TO,,,45,,10-30%
09/13/2013,LV-5,CRUDE DOCKS UNLOADING,CRUDE DOCKS - UNDERGROUND TANK - TANK 101,OILY WATER,FRAC TANKS IN WASHPAD AT PLANT 3 ,,,,,65,,99%
09/13/2013,LV-5,CRUDE DOCKS UNLOADING,CRUDE DOCKS - UNDERGROUND TANK - TANK 101,OILY WATER,FRAC TANKS IN WASHPAD AT PLANT 3,,,,,65,,99%
09/13/2013,LV-5,CRUDE DOCKS UNLOADING,CRUDE DOCKS - UNDERGROUND TANK - TANK 101,OILY WATER,PLANT 1 - VAC PAD,,VAC PAD,,,65,,99%
09/13/2013,LV-5,CRUDE DOCKS UNLOADING,CRUDE DOCKS - UNDERGROUND TANK - TANK 101,OILY WATER,PLANT 1 - VAC PAD,,VAC PAD,,,65,,99%
09/13/2013,LV-5,PLANT 1 - UNIT 045 - WASTEWATER PLANT (WWTP),PLANT 1 - TANK 4516 ,OILY WATER,PLANT 1 - VAC PAD,,VAC PAD,,,65,,>90%
09/13/2013,LV-5,PLANT 1 - UNIT 045 - WASTEWATER PLANT (WWTP),PLANT 1 - MORGAN BOX,OILY WATER,PLANT 1 - VAC PAD,,VAC PAD,,,4,,99%
09/13/2013,LV-5,PLANT 1 - UNIT 045 - WASTEWATER PLANT (WWTP),PLANT 1 - PROOPER PIT,OILY WATER,PLANT 1 - VAC PAD,,VAC PAD,,,5,,99%
09/13/2013,LV-5,PLANT 1 - UNIT 045 - WASTEWATER PLANT (WWTP),PLANT 1 - 4TH LAGOON,OILY WATER,PLANT 1 - VAC PAD,,VAC PAD,,,7,,99%
09/13/2013,LV-5,PLANT 1 - UNIT 045 - WASTEWATER PLANT (WWTP),PLANT 1 - TANK 4516 - CONTAINMENT,STORMWATER,PLANT 1 - VAC PAD,,VAC PAD,,,50,,99%
09/14/2013,LV-5,PLANT 1 - UNIT 045 - WASTEWATER PLANT (WWTP),PLANT 1 - TANK 4516 ,OILY WATER,PLANT 1 - VAC PAD,,VAC PAD,,,45,,99%
09/14/2013,LV-5,PLANT 1 - UNIT 008 - #1 OMD TANK FARM,poly tank by tk-182,DIESEL,PLANT 1 - TANK 182,,,,,100,,<10%
09/14/2013,LV-5,PLANT 1 - UNIT 045 - WASTEWATER PLANT (WWTP),PLANT 1 - TANK 4516 ,SLUDGE,PLANT 1 - CENTRIFUGE FRAC TANKS,,TO,,,250,,10-30%
09/14/2013,LV-5,PLANT 1 - UNIT 008 - #1 OMD TANK FARM,PLANT 1 - FLARE PIT,STORMWATER,PLANT 1 - VAC PAD,,VAC PAD,,,65,,99%
09/14/2013,LV-5,PLANT 1 - UNIT 008 - #1 OMD TANK FARM,PLANT 1 - FLARE PIT,STORMWATER,PLANT 1 - 4TH LAGOON - STORMWATER,,,,,460,,99%
09/14/2013,LV-5,CRUDE DOCKS UNLOADING,CRUDE DOCKS - UNDERGROUND TANK - TANK 101,OILY WATER,PLANT 1 - VAC PAD,,VAC PAD,,,390,,99%
09/14/2013,LV-5,PLANT 1 - UNIT 045 - WASTEWATER PLANT (WWTP),"PLANT 1 - TANK 4514, 4515, 4516, CAUSTIC TK. CONTAINMENTS",STORMWATER,PLANT 1 - VAC PAD,,VAC PAD,,,90,,99%
09/16/2013,LV-1,PLANT 2 - UNIT 210 - #2 OMD TANK FARM,PLANT 2 - SAMPLE POINTS #2 OMD,OILY WATER,PLANT 1 - VAC PAD,,VAC PAD,,,22,,99%
09/16/2013,LV-1,PLANT 2 - UNIT 210 - #2 OMD TANK FARM,PLANT 2 - TANK 6 - WATER DRAW,OILY WATER,PLANT 1 - VAC PAD,,VAC PAD,,,85,,99%
09/16/2013,LV-1,PLANT 2 - UNIT 210 - #2 OMD TANK FARM,PLANT 2 - CRUDE DOCKS SUMP,OILY WATER,PLANT 1 - VAC PAD,,VAC PAD,,,10,,99%
09/18/2013,LV-5,PLANT 1 - UNIT 045 - WASTEWATER PLANT (WWTP),PLANT 1 - 4TH LAGOON,OILY WATER,PLANT 1 - VAC PAD,,VAC PAD,,,7,,99%
09/18/2013,LV-5,PLANT 1 - UNIT 045 - WASTEWATER PLANT (WWTP),PLANT 1 - 1ST LAGOON,OILY WATER,PLANT 1 - VAC PAD,,VAC PAD,,,6,,99%
09/18/2013,LV-5,PLANT 1 - UNIT 045 - WASTEWATER PLANT (WWTP),PLANT 1 - PROOPER PIT,OILY WATER,PLANT 1 - VAC PAD,,VAC PAD,,,5,,99%
09/18/2013,LV-5,CRUDE DOCKS UNLOADING,CRUDE DOCKS - UNDERGROUND TANK - TANK 101,OILY WATER,PLANT 1 - VAC PAD,,VAC PAD,,,65,,99%
09/18/2013,LV-5,CRUDE DOCKS UNLOADING,CRUDE DOCKS - UNDERGROUND TANK - TANK 101,OILY WATER,PLANT 1 - VAC PAD,,VAC PAD,,,65,,99%
09/18/2013,LV-5,PLANT 1 - UNIT 045 - WASTEWATER PLANT (WWTP),"PLANT 1 - TANKS 4517, 4518- CONTAINMENT",STORMWATER,PLANT 1 - VAC PAD,,VAC PAD,,,110,,99%
09/18/2013,LV-5,PLANT 1 - UNIT 045 - WASTEWATER PLANT (WWTP),PLANT 1 - TANK 60 - OIL DRAIN,OILY WATER,PLANT 1 - VAC PAD,,VAC PAD,,,5,,70-90%
09/18/2013,LV-5,PLANT 1 - UNIT 045 - WASTEWATER PLANT (WWTP),PLANT 1 - MORGAN BOX,OILY WATER,PLANT 1 - VAC PAD,,VAC PAD,,,3,,99%
09/18/2013,LV-5,PLANT 1 - UNIT 045 - WASTEWATER PLANT (WWTP),PLANT 1 - TANK 4516,OILY WATER,PLANT 1 - VAC PAD,,VAC PAD,,,60,,99%
09/18/2013,LV-2,CRUDE DOCKS UNLOADING,CRUDE DOCKS - UNDERGROUND TANK - TANK 101,OILY STORM WATER,PLANT 1 - VAC PAD,,VAC PAD,,,60,,99%
09/18/2013,LV-2,PLANT 1 - STORMWATER,PLANT 1 - TANK 2007 - CONTAINMENT,STORMWATER,PLANT 1 - VAC PAD,,VAC PAD,,,20,,99%
09/18/2013,LV-2,PLANT 1 - STORMWATER,PLANT 1 - FLUX LOADING RACK,STORMWATER,PLANT 1 - VAC PAD,,VAC PAD,,,20,,99%
09/18/2013,LV-2,PLANT 1 - STORMWATER,PLANT 1 - DRUM D-385 AREA,STORMWATER,PLANT 1 - VAC PAD,,VAC PAD,,,15,,99%
09/18/2013,LV-2,PLANT 1 - STORMWATER,PLANT 1 - MAIN GATE - STORMWATER,STORMWATER,PLANT 1 - VAC PAD,,VAC PAD,,,30,,99%
09/18/2013,LV-2,PLANT 1 - STORMWATER,PLANT 1 - MAIN GATE - STORMWATER,STORMWATER,PLANT 1 - VAC PAD,,VAC PAD,,,35,,99%
09/18/2013,LV-2,PLANT 1 - STORMWATER,PLANT 1 - DRUM D-322 CONTAINMENT - STORMWATER/WATER,STORMWATER,PLANT 1 - VAC PAD,,VAC PAD,,,15,,99%
09/18/2013,LV-2,PLANT 1 - STORMWATER,PLANT 1 - OMD 1 ELEC VAULTS,STORMWATER,PLANT 1 - VAC PAD,,VAC PAD,,,50,,99%
09/18/2013,LV-2,PLANT 1 - STORMWATER,PLANT 1 - SEWER,STORMWATER,PLANT 1 - VAC PAD,,VAC PAD,,,10,,99%
09/18/2013,LV-2,PLANT 1 - STORMWATER,DENVER TERMINAL - 6000 GAL SLOP TANK,OILY STORM WATER,PLANT 1 - VAC PAD,,VAC PAD,,,120,,99%
09/18/2013,LV-2,PLANT 1 - STORMWATER,PLANT 1 - CRUDE UNLOADING SUMP,OILY STORM WATER,PLANT 1 - VAC PAD,,VAC PAD,,,30,,99%
09/18/2013,LV-2,PLANT 1 - STORMWATER,PLANT 1 - TANK 2007 - CONTAINMENT,STORMWATER,PLANT 1 - VAC PAD,,VAC PAD,,,35,,99%
09/18/2013,LV-2,PLANT 1 - STORMWATER,PLANT 1 - NELSON BLDG,STORMWATER,PLANT 1 - VAC PAD,,VAC PAD,,,110,,99%
09/18/2013,LV-2,PLANT 1 - UNIT 008 - #1 OMD TANK FARM,PLANT 1 - TANK 62 - WATER DRAW,OILY WATER,PLANT 1 - VAC PAD,,VAC PAD,,,20,,>90%
09/18/2013,LV-2,PLANT 1 - UNIT 008 - #1 OMD TANK FARM,PLANT 1 - TANK 72 - SUMP / WATER DRAW,OILY WATER,PLANT 1 - VAC PAD,,VAC PAD,,,10,,>90%
09/18/2013,LV-2,PLANT 1 - STORMWATER,DENVER TERMINAL - 6000 GAL SLOP TANK,OILY STORM WATER,PLANT 1 - VAC PAD,,VAC PAD,,,30,,>90%
09/18/2013,LV-2,PLANT 1 - STORMWATER,PLANT 1 - PUMP P-803 - AREA,STORMWATER,PLANT 1 - VAC PAD,,VAC PAD,,,35,,99%
09/18/2013,LV-2,PLANT 1 - STORMWATER,PLANT 1 - TANK 86/87 CONTAINMENT,STORMWATER,PLANT 1 - VAC PAD,,VAC PAD,,,260,,99%
09/18/2013,LV-2,PLANT 1 - STORMWATER,PLANT 1 - DRUM D-322 CONTAINMENT - STORMWATER/WATER,STORMWATER,PLANT 1 - VAC PAD,,VAC PAD,,,25,,99%
09/18/2013,LV-2,PLANT 1 - STORMWATER,DENVER TERMINAL - 6000 GAL SLOP TANK,OILY STORM WATER,PLANT 1 - GREEN FRAC TANK BY VAC PAD,,,,,60,,99%
09/18/2013,LV-2,PLANT 1 - STORMWATER,PLANT 1 - OMD ELEC VAULTS,STORMWATER,PLANT 1 - GREEN FRAC TANK BY VAC PAD,,,,,60,,99%
09/18/2013,LV-2,PLANT 1 - STORMWATER,PLANT 1 - SUB 100,STORMWATER,PLANT 1 - GREEN FRAC TANK BY VAC PAD,,,,,60,,99%
09/18/2013,LV-2,PLANT 1 - STORMWATER,PLANT 1 - DRUM D-292 CONTAINMENT - STORMWATER,STORMWATER,PLANT 1 - VAC PAD,,VAC PAD,,,15,,99%
09/18/2013,LV-2,PLANT 1 - STORMWATER,PLANT 1 - MAIN GATE - STORMWATER,STORMWATER,PLANT 1 - VAC PAD,,VAC PAD,,,45,,99%
09/18/2013,LV-2,PLANT 3 - UNIT 032 - ASPHALT BLENDING AND LOADING,PLANT 3 - CPI ,OILY WATER,PLANT 1 - VAC PAD,,VAC PAD,,,105,,>90%
09/18/2013,LV-2,PLANT 1 - STORMWATER,DENVER TERMINAL - 6000 GAL SLOP TANK,OILY STORM WATER,PLANT 1 - VAC PAD,,VAC PAD,,,30,,>90%
09/18/2013,LV-2,PLANT 1 - STORMWATER,PLANT 1 - TANK 64 - PUMP CONTAINMENT,STORMWATER,PLANT 1 - VAC PAD,,VAC PAD,,,25,,99%
09/18/2013,LV-2,PLANT 1 - STORMWATER,PLANT 1 - TANK 96/97 - PUMP CONTAINMENT,STORMWATER,PLANT 1 - VAC PAD,,VAC PAD,,,20,,99%
09/18/2013,LV-2,PLANT 1 - UNIT 008 - #1 OMD TANK FARM,PLANT 1 - TANK 62 - WATER DRAW,OILY WATER,PLANT 1 - VAC PAD,,VAC PAD,,,10,,>90%
09/18/2013,LV-2,PLANT 1 - STORMWATER,PLANT 1 - TANK 72 - SUMP ,OILY STORM WATER,PLANT 1 - VAC PAD,,VAC PAD,,,45,,>90%
09/18/2013,LV-2,PLANT 1 - STORMWATER,PLANT 1 - TANK 96/97 - SUMP,OILY STORM WATER,PLANT 1 - VAC PAD,,VAC PAD,,,50,,>90%
09/18/2013,LV-2,PLANT 1 - UNIT 008 - #1 OMD TANK FARM,PLANT 1 - TANK 74 - WATER DRAW,OILY WATER,PLANT 1 - VAC PAD,,VAC PAD,,,5,,>90%
09/18/2013,LV-2,PLANT 1 - STORMWATER,PLANT 1 - PUMP P-803 - AREA,STORMWATER,PLANT 1 - VAC PAD,,VAC PAD,,,90,,99%
09/18/2013,LV-2,PLANT 1 - STORMWATER,PLANT 1 - TANK 52 - PUMP CONTAINMENT,STORMWATER,PLANT 1 - VAC PAD,,VAC PAD,,,5,,99%
09/18/2013,LV-2,PLANT 1 - STORMWATER,PLANT 1 - TANK 2007 - CONTAINMENT,STORMWATER,PLANT 1 - VAC PAD,,VAC PAD,,,35,,99%
09/18/2013,LV-2,PLANT 1 - STORMWATER,PLANT 1 - TANK 2004/2007 - PUMP CONTAINMENT,STORMWATER,PLANT 1 - VAC PAD,,VAC PAD,,,15,,99%
09/18/2013,LV-2,PLANT 1 - STORMWATER,PLANT 1 - DRUM D-292 CONTAINMENT - STORMWATER,STORMWATER,PLANT 1 - VAC PAD,,VAC PAD,,,10,,99%
09/18/2013,LV-2,PLANT 1 - UNIT 008 - #1 OMD TANK FARM,PLANT 1 - TANK 775 - SUMP / WATER DRAW,OILY WATER,PLANT 1 - VAC PAD,,VAC PAD,,,5,,>90%
09/18/2013,LV-2,PLANT 1 - STORMWATER,PLANT 1 - CRUDE UNLOADING SUMP,STORMWATER,PLANT 1 - VAC PAD,,VAC PAD,,,5,,99%
09/18/2013,LV-2,PLANT 1 - STORMWATER,PLANT 1 - TANK 3801 - PUMP CONTAINMENT,STORMWATER,PLANT 1 - VAC PAD,,VAC PAD,,,35,,99%
09/18/2013,LV-2,PLANT 1 - STORMWATER,PLANT 1 - D3924 CONTAINMENT,STORMWATER,PLANT 1 - VAC PAD,,VAC PAD,,,80,,99%
09/18/2013,LV-2,PLANT 1 - STORMWATER,PLANT 1 - DRUM D-322 CONTAINMENT - STORMWATER/WATER,STORMWATER,PLANT 1 - VAC PAD,,VAC PAD,,,25,,99%
09/18/2013,LV-2,PLANT 1 - UNIT 008 - #1 OMD TANK FARM,PLANT 1 - TANK 3801 - WATER DRAW,OILY WATER,PLANT 1 - VAC PAD,,VAC PAD,,,75,,>90%
09/18/2013,LV-2,PLANT 1 - STORMWATER,PLANT 1 - TANK 72 - PUMP CONTAINMENT,STORMWATER,PLANT 1 - VAC PAD,,VAC PAD,,,40,,99%
09/18/2013,LV-2,PLANT 1 - STORMWATER,PLANT 1 - TANK 70 - PUMP CONTAINMENT,STORMWATER,PLANT 1 - VAC PAD,,VAC PAD,,,20,,99%
09/18/2013,LV-2,PLANT 1 - STORMWATER,DENVER TERMINAL - 6000 GAL SLOP TANK,OILY STORM WATER,PLANT 3 - AU FRAC TANKS,,,,,35,,>90%
09/18/2013,LV-2,DENVER TRUCK TERMINAL,DENVER TERMINAL - 6000 GAL SLOP TANK,DIESEL AND GAS,PLANT 2 - TANK 20,,TANK 20,,,20,,<10%
09/18/2013,LV-2,PLANT 1 - STORMWATER,PLANT 1 - DRUM D-322 CONTAINMENT - STORMWATER/WATER,STORMWATER,PLANT 1 - VAC PAD,,VAC PAD,,,120,,99%
09/18/2013,LV-2,PLANT 1 - STORMWATER,PLANT 1 - DRUM D-292 CONTAINMENT - STORMWATER,STORMWATER,PLANT 3 - AU FRAC TANKS,,,,,60,,99%
09/18/2013,LV-2,PLANT 1 - STORMWATER,PLANT 1 - PUMP P-467 - AREA,STORMWATER,PLANT 1 - VAC PAD,,VAC PAD,,,10,,99%
09/18/2013,LV-2,PLANT 1 - STORMWATER,DENVER TERMINAL - EMERGENCY BACK UP SUMP,OILY STORM WATER,PLANT 1 - VAC PAD,,VAC PAD,,,50,,>90%
09/18/2013,LV-2,PLANT 1 - STORMWATER,DENVER TERMINAL - EMERGENCY BACK UP SUMP,OILY STORM WATER,PLANT 1 - VAC PAD,,VAC PAD,,,60,,>90%
09/18/2013,LV-2,PLANT 1 - STORMWATER,PLANT 1 - TANK 72 - PUMP CONTAINMENT,STORMWATER,PLANT 1 - VAC PAD,,VAC PAD,,,60,,99%
09/18/2013,LV-2,PLANT 2 - STORMWATER,PLANT 2 - JOHNSON RESERVOIR,STORMWATER,PLANT 1 - VAC PAD,,VAC PAD,,,120,,99%
09/18/2013,LV-2,PLANT 2 - STORMWATER,PLANT 2 - JOHNSON RESERVOIR,STORMWATER,PLANT 2 - POND,,,,,300,,99%
09/18/2013,LV-1,PLANT 2 - UNIT 210 - #2 OMD TANK FARM,PLANT 2 - LPG ETHANOL DRUMS,ETHANOL,PLANT 1 - TANK 776,,,,,1,,<10%
09/18/2013,LV-1,PLANT 2 - UNIT 210 - #2 OMD TANK FARM,PLANT 2 - TANK 6 - WATER DRAW,OILY WATER,PLANT 1 - VAC PAD,,VAC PAD,,,180,,99%
09/18/2013,LV-2,PLANT 3 - STORMWATER,PLANT 3 - AU SCALE HOUSE - STORMWATER,STORMWATER,PLANT 1 - VAC PAD,,VAC PAD,,,65,,99%
09/18/2013,LV-2,PLANT 3 - UNIT 032 - ASPHALT BLENDING AND LOADING,PLANT 3 - CPI CONTAINMENT,OILY WATER,PLANT 1 - VAC PAD,,VAC PAD,,,65,,99%
09/19/2013,LV-5,PLANT 1 - UNIT 045 - WASTEWATER PLANT (WWTP),PLANT 1 - TANK 4516 ,OILY WATER,PLANT 1 - VAC PAD,,VAC PAD,,,50,,>90%
09/19/2013,LV-5,PLANT 1 - UNIT 045 - WASTEWATER PLANT (WWTP),PLANT 1 - TANK 60 - OIL DRAIN,OILY WATER,PLANT 1 - VAC PAD,,VAC PAD,,,4,,>90%
09/19/2013,LV-5,PLANT 1 - UNIT 045 - WASTEWATER PLANT (WWTP),PLANT 1 - CENTRIFUGE FRAC TANK,OIL,PLANT 1 - CENTRIFUGE FRAC TANKS,,TO,,,65,,<10%
09/19/2013,LV-5,PLANT 1 - UNIT 045 - WASTEWATER PLANT (WWTP),PLANT 1 - TANK 4516 ,OIL,PLANT 1 - CENTRIFUGE FRAC TANKS,,TO,,,330,,<10%
09/19/2013,LV-5,CRUDE DOCKS UNLOADING,CRUDE DOCKS - UNDERGROUND TANK - TANK 101,OILY WATER,PLANT 1 - VAC PAD,,VAC PAD,,,50,,99%
09/19/2013,LV-2,PLANT 1 - UNIT 008 - #1 OMD TANK FARM,PLANT 1 - ETHANOL DRUMS,ETHANOL,PLANT 1 - VAC PAD,,VAC PAD,,,1,,<10%
09/19/2013,LV-2,PLANT 1 - UNIT 008 - #1 OMD TANK FARM,PLANT 1 - TANK 3801 - WATER DRAW,OILY WATER,PLANT 1 - VAC PAD,,VAC PAD,,,60,,>90%
09/19/2013,LV-2,PLANT 1 - UNIT 008 - #1 OMD TANK FARM,PLANT 1 - TANK 75 - WATER DRAW,OILY WATER,PLANT 1 - VAC PAD,,VAC PAD,,,30,,>90%
09/19/2013,LV-2,PLANT 1 - UNIT 008 - #1 OMD TANK FARM,PLANT 1 - CRUDE UNLOADING SUMP,OILY WATER,PLANT 1 - VAC PAD,,VAC PAD,,,10,,99%
09/19/2013,LV-2,PLANT 1 - STORMWATER,PLANT 1 - TANK 3801 - PUMP CONTAINMENT,STORMWATER,PLANT 1 - VAC PAD,,VAC PAD,,,20,,99%
09/19/2013,LV-2,PLANT 1 - STORMWATER,PLANT 1 - DRUM D-196 CONTAINMENT - STORMWATER,STORMWATER,PLANT 1 - VAC PAD,,VAC PAD,,,50,,99%
09/19/2013,LV-2,PLANT 1 - STORMWATER,PLANT 1 - DRUM D-3924 CONTAINMENT - STORMWATER,STORMWATER,PLANT 1 - VAC PAD,,VAC PAD,,,35,,99%
09/19/2013,LV-2,PLANT 1 - NELSON BLDG MECH SHOP,PLANT 1 - MECH SHOP,DIESEL AND GAS,PLANT 1 - TANK 58,,,,,2,,<10%
09/19/2013,LV-2,PLANT 1 - UNIT 039 - FLARE,PLANT 1 - DRUM D-322 CONTAINMENT - STORMWATER/WATER,WATER,PLANT 1 - VAC PAD,,VAC PAD,,,10,,99%
09/19/2013,LV-2,PLANT 1 - STORMWATER,PLANT 1 - TANK 96/97 - SUMP,OILY STORM WATER,PLANT 1 - VAC PAD,,VAC PAD,,,45,,>90%
09/19/2013,LV-2,PLANT 1 - UNIT 008 - #1 OMD TANK FARM,PLANT 1 - TANK 74 - WATER DRAW,OILY WATER,PLANT 1 - VAC PAD,,VAC PAD,,,10,,>90%
09/19/2013,LV-2,PLANT 1 - UNIT 008 - #1 OMD TANK FARM,PLANT 1 - TANK 72 - SUMP / WATER DRAW,OILY WATER,PLANT 1 - VAC PAD,,VAC PAD,,,30,,>90%
09/19/2013,LV-2,PLANT 1 - UNIT 008 - #1 OMD TANK FARM,PLANT 1 - TANK 62 - WATER DRAW,OILY WATER,PLANT 1 - VAC PAD,,VAC PAD,,,5,,>90%
09/19/2013,LV-2,PLANT 1 - STORMWATER,PLANT 1 - BORE PIT,STORMWATER,PLANT 1 - VAC PAD,,VAC PAD,,,195,,99%
09/19/2013,LV-2,PLANT 1 - UNIT 008 - #1 OMD TANK FARM,PLANT 1 - TANK 775 - SUMP / WATER DRAW,OILY WATER,PLANT 1 - VAC PAD,,VAC PAD,,,60,,>90%
09/19/2013,LV-2,DENVER TRUCK TERMINAL,DENVER TERMINAL - 6000 GAL SLOP TANK,OILY WATER,PLANT 1 - VAC PAD,,VAC PAD,,,45,,>90%
09/19/2013,LV-2,PLANT 1 - STORMWATER,PLANT 1 - CHEM WAREHOUSE CONTAINMENT - STORMWATER,STORMWATER,PLANT 1 - VAC PAD,,VAC PAD,,,300,,99%
09/19/2013,LV-2,PLANT 1 - STORMWATER,PLANT 1 - TANK 64/65/66 - SUMP,OILY STORM WATER,PLANT 1 - VAC PAD,,VAC PAD,,,60,,>90%
09/19/2013,LV-2,PLANT 1 - STORMWATER,PLANT 1 - SPIDER BOX OMD,OILY STORM WATER,PLANT 1 - VAC PAD,,VAC PAD,,,125,,>90%
09/19/2013,LV-2,PLANT 1 - STORMWATER,PLANT 1 - TANK 86/87 CONTAINMENT,STORMWATER,PLANT 1 - VAC PAD,,VAC PAD,,,130,,99%
09/19/2013,LV-2,PLANT 1 - UNIT 008 - #1 OMD TANK FARM,PLANT 1 - TANK 3801 - WATER DRAW,OILY WATER,PLANT 1 - VAC PAD,,VAC PAD,,,25,,>90%
09/19/2013,LV-2,PLANT 1 - UNIT 008 - #1 OMD TANK FARM,PLANT 1 - DRUM D-385 WATER DRAW,OILY WATER,PLANT 1 - VAC PAD,,VAC PAD,,,2,,>90%
09/19/2013,LV-2,PLANT 3 - STORMWATER,PLANT 3 - AU SCALE HOUSE - STORMWATER,STORMWATER,PLANT 1 - VAC PAD,,VAC PAD,,,90,,99%
09/19/2013,LV-2,PLANT 3 - STORMWATER,PLANT 3 - VAPOR BBLS,OILY WATER,PLANT 1 - VAC PAD,,VAC PAD,,,6,,>90%
09/19/2013,LV-2,PLANT 3 - STORMWATER,PLANT 3 - TANK 140 PUMP CONTAINMENT,STORMWATER,PLANT 1 - VAC PAD,,VAC PAD,,,10,,99%
09/19/2013,LV-2,PLANT 3 - UNIT 032 - ASPHALT BLENDING AND LOADING,PLANT 3 - CPI CONTAINMENT,OILY WATER,PLANT 1 - VAC PAD,,VAC PAD,,,25,,>90%
09/19/2013,LV-2,PLANT 1 - STORMWATER,PLANT 1 - MAIN GATE - STORMWATER,STORMWATER,PLANT 1 - VAC PAD,,VAC PAD,,,55,,99%
09/19/2013,LV-2,PLANT 1 - STORMWATER,PLANT 1 - TANK 72 - SUMP ,OILY STORM WATER,PLANT 1 - VAC PAD,,VAC PAD,,,45,,>90%
09/19/2013,LV-2,PLANT 1 - UNIT 008 - #1 OMD TANK FARM,PLANT 1 - TANK 3801 - WATER DRAW,OILY WATER,PLANT 1 - VAC PAD,,VAC PAD,,,30,,>90%
09/19/2013,LV-2,PLANT 1 - STORMWATER,PLANT 1 - TANK 77 - CONTAINMENT,STORMWATER,PLANT 1 - VAC PAD,,VAC PAD,,,65,,99%
09/19/2013,LV-2,PLANT 1 - STORMWATER,PLANT 1 - SPIDER BOX OMD,OILY STORM WATER,PLANT 1 - VAC PAD,,VAC PAD,,,195,,>90%
09/19/2013,LV-2,PLANT 1 - STORMWATER,PLANT 1 - TANK 62 - SUMP,OILY STORM WATER,PLANT 1 - VAC PAD,,VAC PAD,,,30,,>90%
09/19/2013,LV-2,PLANT 1 - STORMWATER,PLANT 1 - TANK 64/65/66 - SUMP,OILY STORM WATER,PLANT 1 - VAC PAD,,VAC PAD,,,35,,>90%
09/19/2013,LV-2,PLANT 3 - UNIT 032 - ASPHALT BLENDING AND LOADING,PLANT 3 - L82,OIL,PLANT 1 - VAC PAD,,VAC PAD,,,2,,<10%
09/19/2013,LV-2,PLANT 3 - STORMWATER,PLANT 3 - AU GAS OIL PAD PUMP CONTAINMENT,STORMWATER,PLANT 1 - VAC PAD,,VAC PAD,,,40,,99%
09/19/2013,LV-2,PLANT 1 - STORMWATER,PLANT 1 - CHEM WAREHOUSE CONTAINMENT - STORMWATER,STORMWATER,PLANT 1 - VAC PAD,,VAC PAD,,,25,,99%
09/19/2013,LV-2,PLANT 1 - STORMWATER,PLANT 1 - TANK 72 - PUMP CONTAINMENT,STORMWATER,PLANT 1 - VAC PAD,,VAC PAD,,,85,,99%
09/19/2013,LV-2,PLANT 1 - STORMWATER,PLANT 1 - TANK 96/97 - PUMP CONTAINMENT,STORMWATER,PLANT 1 - VAC PAD,,VAC PAD,,,105,,99%
09/19/2013,LV-2,PLANT 1 - STORMWATER,DENVER TERMINAL - 6000 GAL SLOP TANK,OILY STORM WATER,PLANT 1 - VAC PAD,,VAC PAD,,,45,,>90%
09/19/2013,LV-2,PLANT 1 - STORMWATER,PLANT 1 - TANK 70 - PUMP CONTAINMENT,STORMWATER,PLANT 1 - VAC PAD,,VAC PAD,,,5,,99%
09/19/2013,LV-2,PLANT 1 - STORMWATER,PLANT 1 - TANK 64 - PUMP CONTAINMENT,STORMWATER,PLANT 1 - VAC PAD,,VAC PAD,,,15,,99%
09/19/2013,LV-2,PLANT 1 - STORMWATER,PLANT 1 - CRUDE UNLOADING SUMP,STORMWATER,PLANT 1 - VAC PAD,,VAC PAD,,,25,,99%
09/19/2013,LV-2,PLANT 1 - STORMWATER,PLANT 1 - TANK 52 - PUMP CONTAINMENT,STORMWATER,PLANT 1 - VAC PAD,,VAC PAD,,,5,,99%
09/19/2013,LV-2,PLANT 1 - STORMWATER,PLANT 1 - DRUM D-322 CONTAINMENT - STORMWATER/WATER,STORMWATER,PLANT 1 - VAC PAD,,VAC PAD,,,50,,99%
09/19/2013,LV-2,PLANT 1 - STORMWATER,PLANT 1 - SEWER OMD 1,STORMWATER,PLANT 1 - VAC PAD,,VAC PAD,,,45,,99%
09/19/2013,LV-2,PLANT 3 - STORMWATER,PLANT 3 - AU GAS OIL UNLOADING RACK,OILY STORM WATER,PLANT 1 - VAC PAD,,VAC PAD,,,35,,>90%
09/19/2013,LV-2,PLANT 3 - STORMWATER,PLANT 3 - AU GAS OIL PAD PUMP CONTAINMENT,STORMWATER,PLANT 1 - VAC PAD,,VAC PAD,,,90,,99%
09/19/2013,LV-2,PLANT 1 - STORMWATER,DENVER TERMINAL - EMERGENCY BACK UP SUMP,OILY STORM WATER,PLANT 1 - VAC PAD,,VAC PAD,,,30,,>90%
09/19/2013,LV-7,"METRO, ENVIRONMENTAL",RED DRAGON SYSTEM,WATER,PLANT 1 - VAC PAD,,VAC PAD,,,28,,99%
09/19/2013,LV-1,PLANT 1 - UNIT 008 - #1 OMD TANK FARM,PLANT 1 - TANK 34 -,DIESEL,PLANT 2 - TANK 20,,TANK 20,,,360,,<10%
09/19/2013,LV-1,PLANT 1 - STORMWATER,PLANT 1 - BORE PIT,STORMWATER,PLANT 1 - VAC PAD,,VAC PAD,,,60,,99%
09/19/2013,LV-4,PLANT 1 - STORMWATER,PLANT 1 - BORE PIT,STORMWATER,PLANT 1 - VAC PAD,,VAC PAD,,,240,,99%
09/20/2013,LV-5,PLANT 1 - UNIT 045 - WASTEWATER PLANT (WWTP),PLANT 1 - TANK 4516,OILY WATER,PLANT 1 - VAC PAD,,VAC PAD,,,25,,99%
09/20/2013,LV-5,PLANT 1 - UNIT 045 - WASTEWATER PLANT (WWTP),PLANT 1 - TANK 4516 ,OIL,PLANT 1 - CENTRIFUGE FRAC TANKS,,TO,,,60,,<10%
09/20/2013,LV-5,PLANT 1 - UNIT 145 - GROUNDWATER REMEDIATION / WELLS,SOUTH AND NORTH VAULTS GROUND WATER ,OILY WATER,PLANT 1 - VAC PAD,,VAC PAD,,,60,,>90%
09/20/2013,LV-5,PLANT 1 - UNIT 045 - WASTEWATER PLANT (WWTP),PLANT 1 - TANK 27 - WATER DRAW,WATER,PLANT 1 - VAC PAD,,VAC PAD,,,20,,99%
09/20/2013,LV-5,PLANT 1 - UNIT 045 - WASTEWATER PLANT (WWTP),PLANT 1 - TANK 4513 -WATER DRAW,WATER,PLANT 1 - VAC PAD,,VAC PAD,,,40,,99%
09/20/2013,LV-5,PLANT 1 - UNIT 045 - WASTEWATER PLANT (WWTP),PLANT 1 - TANK 27 - SLUDGE,SLUDGE,PLANT 1 - CENTRIFUGE FRAC TANKS,,TO,,,30,,<10%
09/20/2013,LV-5,PLANT 1 - UNIT 045 - WASTEWATER PLANT (WWTP),PLANT 1 - TANK 4513 - SLUDGE,SLUDGE,PLANT 1 - CENTRIFUGE FRAC TANKS,,TO,,,30,,<10%
09/20/2013,LV-5,PLANT 1 - UNIT 045 - WASTEWATER PLANT (WWTP),PLANT 1 - TANK 60 - OIL DRAIN,OILY WATER,PLANT 1 - VAC PAD,,VAC PAD,,,7,,>90%
09/20/2013,LV-5,PLANT 1 - UNIT 045 - WASTEWATER PLANT (WWTP),PLANT 1 - 4TH LAGOON,OILY WATER,PLANT 1 - VAC PAD,,VAC PAD,,,5,,99%
09/20/2013,LV-5,PLANT 1 - UNIT 045 - WASTEWATER PLANT (WWTP),PLANT 1 - PROOPER PIT,OILY WATER,PLANT 1 - VAC PAD,,VAC PAD,,,5,,99%
09/20/2013,LV-2,PLANT 1 - UNIT 008 - #1 OMD TANK FARM,PLANT 1 - TANK 3801 - WATER DRAW,OILY WATER,PLANT 1 - VAC PAD,,VAC PAD,,,40,,>90%
09/20/2013,LV-2,PLANT 1 - UNIT 008 - #1 OMD TANK FARM,PLANT 1 - TANK 80 - WATER DRAW,OILY WATER,PLANT 1 - VAC PAD,,VAC PAD,,,10,,>90%
09/20/2013,LV-2,PLANT 1 - UNIT 008 - #1 OMD TANK FARM,PLANT 1 - SPIDER BOX OMD,OILY WATER,PLANT 1 - VAC PAD,,VAC PAD,,,45,,>90%
09/20/2013,LV-2,PLANT 1 - STORMWATER,PLANT 1 - TANK 2004/2007 - PUMP CONTAINMENT,STORMWATER,PLANT 1 - VAC PAD,,VAC PAD,,,5,,99%
09/20/2013,LV-2,PLANT 1 - STORMWATER,PLANT 1 - FLUX LOADING RACK,STORMWATER,PLANT 1 - VAC PAD,,VAC PAD,,,15,,99%
09/20/2013,LV-2,PLANT 1 - UNIT 008 - #1 OMD TANK FARM,PLANT 1 - TANK 775 - SUMP / WATER DRAW,OILY WATER,PLANT 1 - VAC PAD,,VAC PAD,,,5,,>90%
09/20/2013,LV-2,PLANT 1 - UNIT 008 - #1 OMD TANK FARM,PLANT 1 - TANK 67 - WATER DRAW,CAUSTIC AND WATER,PLANT 1 - VAC PAD,,VAC PAD,,,10,,>90%
09/20/2013,LV-2,PLANT 1 - UNIT 008 - #1 OMD TANK FARM,PLANT 1 - TANK 77 - WATER DRAW,CAUSTIC AND WATER,PLANT 1 - VAC PAD,,VAC PAD,,,10,,>90%
09/20/2013,LV-2,PLANT 1 - UNIT 008 - #1 OMD TANK FARM,PLANT 1 - TANK 58 - WATER DRAW,OILY WATER,PLANT 1 - VAC PAD,,VAC PAD,,,20,,>90%
09/20/2013,LV-2,PLANT 1 - UNIT 008 - #1 OMD TANK FARM,PLANT 1 - TANK 3801 - WATER DRAW,OILY WATER,PLANT 1 - VAC PAD,,VAC PAD,,,65,,>90%
09/20/2013,LV-1,PLANT 2 - UNIT 210 - #2 OMD TANK FARM,PLANT 2 - TANK 6 - WATER DRAW,OILY WATER,PLANT 1 - VAC PAD,,VAC PAD,,,30,,99%
09/20/2013,LV-1,PLANT 2 - UNIT 210 - #2 OMD TANK FARM,PLANT 2 - LPG ETHANOL DRUMS,ETHANOL,PLANT 1 - VAC PAD,,VAC PAD,,,1,,<10%
09/20/2013,LV-1,PLANT 2 - UNIT 210 - #2 OMD TANK FARM,PLANT 2 - CRUDE DOCKS SUMP,OILY WATER,PLANT 1 - VAC PAD,,VAC PAD,,,5,,99%
09/20/2013,LV-4,METRO,Metro trenches,STORMWATER,PLANT 1 - VAC PAD,,VAC PAD,,,30,,99%
09/20/2013,307162,PLANT 1 - NORTH OF THE FENCELINE,P1 N - Monitoring Trenches North of Pond/Swale,OILY WATER,PLANT 1 - VAC PAD,,VAC PAD,,,50,,99%
09/20/2013,LV-2,PLANT 3 - UNIT 032 - ASPHALT BLENDING AND LOADING,PLANT 3 - VAPOR BBLS,OILY WATER,PLANT 1 - VAC PAD,,VAC PAD,,,0.5,,>90%
09/20/2013,LV-2,PLANT 3 - UNIT 032 - ASPHALT BLENDING AND LOADING,PLANT 3 - TANK 144 - WATER DRAW,OILY WATER,PLANT 1 - VAC PAD,,VAC PAD,,,20,,>90%
09/20/2013,LV-2,PLANT 3 - UNIT 032 - ASPHALT BLENDING AND LOADING,PLANT 3 - CPI CONTAINMENT,OILY WATER,PLANT 1 - VAC PAD,,VAC PAD,,,45,,99%
09/21/2013,307162,PLANT 1 - NORTH OF THE FENCELINE,P1 N – Sumps/Wells/Trenches (clean truck),OILY WATER,PLANT 1 - VAC PAD,,VAC PAD,,,30,,>90%
09/21/2013,307162,PLANT 1 - NORTH OF THE FENCELINE,P1 N – Sumps/Wells/Trenches (clean truck),OILY WATER,PLANT 1 - VAC PAD,,VAC PAD,,,45,,>90%
09/22/2013,307162,PLANT 1 - LABORATORY,P1 N – Sumps/Wells/Trenches (clean truck),OILY WATER,PLANT 1 - VAC PAD,,VAC PAD,,,29,,>90%
09/22/2013,307162,PLANT 3 - by Mary's pond,PLANT 3 - AU- 55 gal drums,Reduced crude,PLANT 1 - TANK 58,,,,,5,,<10%
09/22/2013,LV-5,CRUDE DOCKS UNLOADING,CRUDE DOCKS - UNDERGROUND TANK - TANK 101,OILY WATER,PLANT 1 - VAC PAD,,VAC PAD,,,60,,99%
09/22/2013,LV-5,PLANT 1 - UNIT 045 - WASTEWATER PLANT (WWTP),PLANT 1 - TANK 27 - WATER DRAW,WATER,PLANT 1 - VAC PAD,,VAC PAD,,,25,,99%
09/22/2013,LV-5,PLANT 1 - UNIT 045 - WASTEWATER PLANT (WWTP),PLANT 1 - TANK 27 - SLUDGE,SLUDGE,PLANT 1 - CENTRIFUGE FRAC TANKS,,TO,,,40,,10-30%
09/22/2013,307162,PLANT 1 - STORMWATER,PLANT 1 - FINGER LAKE AND FIRE FIELD,OILY STORM WATER,PLANT 1 - VAC PAD,,VAC PAD,,,80,,99%
09/23/2013,LV-7,PLANT 1 - NORTH OF THE FENCELINE,PLANT 1 - NORTH OF THE FENCELINE,OILY WATER,PLANT 1 - VAC PAD,,VAC PAD,,,40,,>90%
09/23/2013,LV-5,PLANT 1 - UNIT 045 - WASTEWATER PLANT (WWTP),PLANT 1 - TANK 60 - OIL DRAIN,OILY WATER,PLANT 1 - VAC PAD,,VAC PAD,,,6,,99%
09/23/2013,LV-5,PLANT 1 - UNIT 045 - WASTEWATER PLANT (WWTP),"PLANT 1 - CONTAINTMENTS FOR TANKS 4514, 4515, 4516, 4517,4518 AND ENVIRONMENTALS CAUSTIC ",STORMWATER,PLANT 1 - VAC PAD,,VAC PAD,,,75,,99%
09/23/2013,LV-5,PLANT 1 - UNIT 045 - WASTEWATER PLANT (WWTP),FRAC TANKS SECUNDARY CONTAINMENTS,STORMWATER,PLANT 1 - VAC PAD,,VAC PAD,,,8,,99%
09/23/2013,LV-5,PLANT 1 - UNIT 045 - WASTEWATER PLANT (WWTP),TANK-152 SECUNDARY CONTAINMENT ,STORMWATER,PLANT 1 - VAC PAD,,VAC PAD,,,8,,99%
09/23/2013,LV-5,PLANT 1 - UNIT 045 - WASTEWATER PLANT (WWTP),"PLANT 1 - PROOPER PIT,MORGAN BOX AND 4th LAGOON",OILY WATER,PLANT 1 - VAC PAD,,VAC PAD,,,21,,99%
09/23/2013,LV-5,PLANT 1 - UNIT 045 - WASTEWATER PLANT (WWTP),PLANT 1 - FINGER LAKE,OILY WATER,PLANT 1 - VAC PAD,,VAC PAD,,,15,,99%
09/23/2013,LV-5,PLANT 1 - UNIT 045 - WASTEWATER PLANT (WWTP),PLANT 1 - PROOPER PIT,OILY WATER,PLANT 1 - VAC PAD,,VAC PAD,,,5,,99%
09/23/2013,LV-5,PLANT 1 - UNIT 045 - WASTEWATER PLANT (WWTP),PLANT 1 - TANK 60 - OIL DRAIN,OILY WATER,PLANT 1 - VAC PAD,,VAC PAD,,,4,,99%
09/23/2013,LV-5,PLANT 1 - UNIT 045 - WASTEWATER PLANT (WWTP),PLANT 1 - TANK 4513 -WATER DRAW,WATER,PLANT 1 - VAC PAD,,VAC PAD,,,30,,99%
09/23/2013,LV-5,PLANT 1 - UNIT 045 - WASTEWATER PLANT (WWTP),PLANT 1 - MORGAN BOX,OILY WATER,PLANT 1 - VAC PAD,,VAC PAD,,,3,,99%
09/23/2013,LV-5,PLANT 1 - UNIT 045 - WASTEWATER PLANT (WWTP),"PLANT 1 - PROOPER PIT,MORGAN BOX,4th LAGOON",OILY WATER,PLANT 1 - VAC PAD,,VAC PAD,,,12,,99%
09/23/2013,LV-5,PLANT 1 - UNIT 045 - WASTEWATER PLANT (WWTP),PLANT 1 - TANK 27 - WATER DRAW,WATER,PLANT 1 - VAC PAD,,VAC PAD,,,20,,99%
09/23/2013,LV-5,PLANT 1 - UNIT 045 - WASTEWATER PLANT (WWTP),PLANT 1 - 4TH LAGOON,OILY WATER,PLANT 1 - VAC PAD,,VAC PAD,,,8,,99%
09/23/2013,LV-5,PLANT 1 - UNIT 045 - WASTEWATER PLANT (WWTP),PLANT 1 - CENTRIFUGE FRAC TANKS,OIL,PLANT 1 - CENTRIFUGE FRAC TANKS,,TO,,,60,,<10%
09/23/2013,LV-5,PLANT 1 - UNIT 045 - WASTEWATER PLANT (WWTP),PLANT 1 - 1ST LAGOON,OILY WATER,PLANT 1 - VAC PAD,,VAC PAD,,,20,,99%
09/23/2013,LV-5,PLANT 1 - UNIT 045 - WASTEWATER PLANT (WWTP),PLANT 1 - 1ST LAGOON,OILY WATER,PLANT 1 - VAC PAD,,VAC PAD,,,8,,99%
09/23/2013,LV-5,PLANT 1 - UNIT 045 - WASTEWATER PLANT (WWTP),PLANT 1 - TANK 4516 - CONTAINMENT,STORMWATER,PLANT 1 - VAC PAD,,VAC PAD,,,30,,99%
09/23/2013,LV-5,PLANT 1 - UNIT 045 - WASTEWATER PLANT (WWTP),PLANT 1 - CENTRIFUGE FRAC TANKS,OIL,PLANT 1 - CENTRIFUGE FRAC TANKS,,TO,,,60,,<10%
09/23/2013,307162,PLANT 1 - NORTH OF THE FENCELINE,P1 N – Sumps/Wells/Trenches (clean truck),OILY WATER,PLANT 1 - VAC PAD,,VAC PAD,,,55,,99%
09/23/2013,LV-5,PLANT 1 - UNIT 045 - WASTEWATER PLANT (WWTP),ENVIRONMENTALS CAUSTIC TANK CONTAINTMENT,STORMWATER,PLANT 1 - VAC PAD,,VAC PAD,,,8,,99%
09/23/2013,LV-5,PLANT 1 - UNIT 045 - WASTEWATER PLANT (WWTP),PLANT 1 - 4TH LAGOON,OILY WATER,PLANT 1 - VAC PAD,,VAC PAD,,,8,,99%
09/23/2013,LV-5,PLANT 2 - STORMWATER,PLANT 1 - CHEM WAREHOUSE CONTAINMENT - STORMWATER,STORMWATER,PLANT 1 - VAC PAD,,VAC PAD,,,130,,99%
09/23/2013,LV-5,PLANT 1 - UNIT 045 - WASTEWATER PLANT (WWTP),PLANT 1 - CENTRIFUGE FRAC TANKS,OIL,PLANT 1 - CENTRIFUGE FRAC TANKS,,TO,,,60,,<10%
09/23/2013,LV-5,PLANT 1 - UNIT 045 - WASTEWATER PLANT (WWTP),PLANT 1 - FRAC TANKS - CENTRIFUGE,OIL,PLANT 1 - CENTRIFUGE FRAC TANKS,,TO,,,250,,<10%
09/23/2013,LV-8,CRUDE DOCKS UNLOADING,PLANT 2 - CRUDE DOCKS SUMP,OILY STORM WATER,PLANT 2 - LOWER API,,,,,45,,99%
09/23/2013,LV-8,CRUDE DOCKS UNLOADING,CRUDE DOCKS - UNDERGROUND TANK - TANK 101,OILY STORM WATER,PLANT 1 - VAC PAD,,VAC PAD,,,65,,99%
09/23/2013,LV-5,CRUDE DOCKS UNLOADING,CRUDE DOCKS - UNDERGROUND TANK - TANK 101,OILY STORM WATER,PLANT 1 - VAC PAD,,VAC PAD,,,65,,99%
09/23/2013,LV-1,PLANT 2 - UNIT 210 - #2 OMD TANK FARM,PLANT 2 - TANK 57 - WATER DRAW,OILY WATER,PLANT 1 - VAC PAD,,VAC PAD,,,2,,99%
09/23/2013,LV-1,PLANT 2 - UNIT 210 - #2 OMD TANK FARM,PLANT 2 - SAMPLE POINTS #2 OMD,OILY WATER,PLANT 1 - VAC PAD,,VAC PAD,,,2,,99%
09/23/2013,LV-1,PLANT 2 - UNIT 210 - #2 OMD TANK FARM,PLANT 2 - TANK 6 - WATER DRAW,OILY WATER,PLANT 1 - VAC PAD,,VAC PAD,,,56,,99%
09/23/2013,LV-2,DENVER TRUCK TERMINAL,DENVER TERMINAL - 6000 GAL SLOP TANK,OILY WATER,PLANT 1 - VAC PAD,,VAC PAD,,,30,,>90%
09/23/2013,LV-2,PLANT 1 - STORMWATER,PLANT 1 - YELLOW DYE CONTAINMENT,STORMWATER,PLANT 1 - VAC PAD,,VAC PAD,,,8,,99%
09/23/2013,LV-2,PLANT 1 - STORMWATER,PLANT 1 - TANK 2007 - CONTAINMENT,STORMWATER,PLANT 1 - VAC PAD,,VAC PAD,,,30,,99%
09/23/2013,LV-2,PLANT 1 - STORMWATER,PLANT 1 - DRUM D-292 CONTAINMENT - STORMWATER,STORMWATER,PLANT 1 - VAC PAD,,VAC PAD,,,15,,99%
09/23/2013,LV-2,PLANT 1 - UNIT 008 - #1 OMD TANK FARM,PLANT 1 - TANK 70 - WATER DRAW,OILY WATER,PLANT 1 - VAC PAD,,VAC PAD,,,25,,>90%
09/23/2013,LV-2,PLANT 1 - STORMWATER,PLANT 1 - ETHANOL TRENCH,STORMWATER,PLANT 1 - VAC PAD,,VAC PAD,,,100,,99%
09/23/2013,LV-2,PLANT 1 - STORMWATER,PLANT 1 - FLUX LOADING RACK,STORMWATER,PLANT 1 - VAC PAD,,VAC PAD,,,15,,99%
09/23/2013,LV-2,PLANT 1 - UNIT 008 - #1 OMD TANK FARM,PLANT 1 - TANK 775 - SUMP / WATER DRAW,OILY WATER,PLANT 1 - VAC PAD,,VAC PAD,,,45,,>90%
09/23/2013,LV-2,PLANT 1 - UNIT 008 - #1 OMD TANK FARM,PLANT 1 - TANK 3801 - WATER DRAW,OILY WATER,PLANT 1 - VAC PAD,,VAC PAD,,,60,,>90%
09/23/2013,LV-2,PLANT 1 - STORMWATER,PLANT 1 - MAIN GATE - STORMWATER,STORMWATER,PLANT 1 - VAC PAD,,VAC PAD,,,30,,99%
09/23/2013,LV-2,PLANT 1 - UNIT 039 - FLARE,PLANT 1 - DRUM D-322 CONTAINMENT - STORMWATER/WATER,WATER,PLANT 1 - VAC PAD,,VAC PAD,,,20,,99%
09/23/2013,LV-2,PLANT 1 - UNIT 008 - #1 OMD TANK FARM,PLANT 1 - SPIDER BOX OMD,OILY WATER,PLANT 1 - VAC PAD,,VAC PAD,,,45,,>90%
09/23/2013,LV-2,PLANT 2 - STORMWATER,PLANT 2 - JOHNSON RESERVOIR,STORMWATER,PLANT 1 - VAC PAD,,VAC PAD,,,195,,99%
09/24/2013,LV-7,PLANT 1 - NORTH OF THE FENCELINE,PLANT 1 - NORTH OF THE FENCELINE,OILY WATER,PLANT 1 - VAC PAD,,VAC PAD,,,20,,>90%
09/24/2013,LV-5,PLANT 1 - UNIT 045 - WASTEWATER PLANT (WWTP),PLANT 1 - FRAC TANKS CENTRIFUGE,OIL,PLANT 1 - CENTRIFUGE FRAC TANKS,,TO,,,190,,<10%
09/24/2013,LV-5,PLANT 1 - UNIT 045 - WASTEWATER PLANT (WWTP),PLANT 1 - TANK 4516,OILY WATER,PLANT 1 - VAC PAD,,VAC PAD,,,60,,99%
09/24/2013,LV-5,PLANT 1 - UNIT 045 - WASTEWATER PLANT (WWTP),PLANT 1 - TANK 4516 ,OIL,PLANT 1 - CENTRIFUGE FRAC TANKS,,TO,,,240,,<10%
09/24/2013,LV-5,PLANT 1 - UNIT 045 - WASTEWATER PLANT (WWTP),PLANT 1 - CENTRIFUGE,RINSE OILY WATER,PLANT 1 - VAC PAD,,VAC PAD,,,3,,99%
09/24/2013,LV-5,PLANT 1 - UNIT 045 - WASTEWATER PLANT (WWTP),"PLANT 1 - TANKS 4517,4518 CONTAINMENT. ",STORMWATER,PLANT 1 - VAC PAD,,VAC PAD,,,23,,99%
09/24/2013,LV-5,PLANT 1 - UNIT 045 - WASTEWATER PLANT (WWTP),PLANT 1 - TANK 4513 - WATER DRAW,WATER,PLANT 1 - VAC PAD,,VAC PAD,,,25,,99%
09/24/2013,LV-5,PLANT 1 - UNIT 045 - WASTEWATER PLANT (WWTP),PLANT 1 - TANK 27 - WATER DRAW,WATER,PLANT 1 - VAC PAD,,VAC PAD,,,30,,99%
09/24/2013,LV-5,PLANT 1 - UNIT 045 - WASTEWATER PLANT (WWTP),PLANT 1 - TANK 4513 - SLUDGE,SLUDGE,PLANT 1 - CENTRIFUGE FRAC TANKS,,TO,,,25,,<10%
09/24/2013,LV-5,PLANT 1 - UNIT 045 - WASTEWATER PLANT (WWTP),PLANT 1 - TANK 27 - SLUDGE,SLUDGE,PLANT 1 - CENTRIFUGE FRAC TANKS,,TO,,,25,,<10%
09/24/2013,307162,PLANT 1 - NORTH OF THE FENCELINE,P1 N – Sumps/Wells/Trenches (clean truck),OILY WATER,PLANT 1 - VAC PAD,,VAC PAD,,,65,,99%
09/24/2013,LV-2,PLANT 1 - UNIT 008 - #1 OMD TANK FARM,PLANT 1 - TANK 3801 - WATER DRAW,OILY WATER,PLANT 1 - VAC PAD,,VAC PAD,,,50,,>90%
09/24/2013,LV-2,PLANT 1 - UNIT 039 - FLARE,PLANT 1 - FLARE SUMP,WATER,PLANT 1 - VAC PAD,,VAC PAD,,,50,,99%
09/24/2013,LV-2,PLANT 1 - UNIT 008 - #1 OMD TANK FARM,PLANT 1 - TANK 64/65/66 - WATER DRAW,OILY WATER,PLANT 1 - VAC PAD,,VAC PAD,,,25,,>90%
09/24/2013,LV-2,PLANT 1 - UNIT 008 - #1 OMD TANK FARM,PLANT 1 - TANK 775 - SUMP / WATER DRAW,OILY WATER,PLANT 1 - VAC PAD,,VAC PAD,,,5,,>90%
09/24/2013,LV-2,PLANT 1 - UNIT 008 - #1 OMD TANK FARM,PLANT 1 - ETHANOL DRUMS,ETHANOL,PLANT 1 - VAC PAD,,VAC PAD,,,1,,<10%
09/24/2013,LV-2,PLANT 1 - UNIT 008 - #1 OMD TANK FARM,PLANT 1 - TANK 2 - WATER DRAW,OILY WATER,PLANT 1 - VAC PAD,,VAC PAD,,,30,,>90%
09/24/2013,LV-2,PLANT 1 - STORMWATER,PLANT 1 - BORE PIT,STORMWATER,PLANT 1 - VAC PAD,,VAC PAD,,,60,,99%
09/24/2013,LV-1,PLANT 2 - UNIT 410 - #2 OMD LOADING RACKS,PLANT 2 - METER PROVING,ETHANOL,PLANT 2 -ETHANOL UNLOADING RACK,,,,,95,,<10%
09/24/2013,LV-1,PLANT 2 - UNIT 003 - #2 POLYMERIZATION,PLANT 2 - JOHNSONS RESERVOIR ,STORMWATER,PLANT 2 - STORM WATER PONDS,,,,,190,,99%
09/25/2013,LV-5,PLANT 1 - UNIT 045 - WASTEWATER PLANT (WWTP),PLANT 1 - FRAC TANKS - TANK 4516 - CENTRIFUGE,OIL,PLANT 1 - CENTRIFUGE FRAC TANKS,,TO,,,65,,<10%
09/25/2013,LV-7,PLANT 1 - NORTH OF THE FENCELINE,PLANT 1 - NORTH OF THE FENCELINE,OILY WATER,PLANT 1 - VAC PAD,,VAC PAD,,,40,,>90%
09/25/2013,LV-5,PLANT 1 - UNIT 045 - WASTEWATER PLANT (WWTP),PLANT 1 - FRAC TANKS - TANK 4516 - CENTRIFUGE,OIL,PLANT 1 - CENTRIFUGE FRAC TANKS,,TO,,,65,,<10%
09/25/2013,LV-5,CRUDE DOCKS UNLOADING,CRUDE DOCKS - UNDERGROUND TANK - TANK 101,OILY WATER,PLANT 1 - VAC PAD,,VAC PAD,,,65,,99%
09/25/2013,LV-5,PLANT 1 - UNIT 045 - WASTEWATER PLANT (WWTP),PLANT 1 - TANK 27 - WATER DRAW,SLUDGE AND WATER,PLANT 1 - VAC PAD,,VAC PAD,,,15,,>90%
09/25/2013,307162,PLANT 1 - NORTH OF THE FENCELINE,P1 N – Sumps/Wells/Trenches (clean truck),OILY WATER,PLANT 1 - VAC PAD,,VAC PAD,,,145,,99%
09/25/2013,LV-2,PLANT 1 - UNIT 008 - #1 OMD TANK FARM,PLANT 1 - GE BETZ TOTES,LUBRICITY,PLANT 1 - TANK 810,,,,,15,,<10%
09/25/2013,LV-2,PLANT 1 - UNIT 008 - #1 OMD TANK FARM,PLANT 1 - TANK 3801 - WATER DRAW,OILY WATER,PLANT 1 - VAC PAD,,VAC PAD,,,60,,>90%
09/25/2013,LV-2,PLANT 1 - UNIT 008 - #1 OMD TANK FARM,PLANT 1 - TANK 34 - LINE DRAIN,GASOLINE,PLANT 1 - VAC PAD,,VAC PAD,,,2,,<10%
09/25/2013,LV-2,PLANT 1 - UNIT 008 - #1 OMD TANK FARM,PLANT 1 - TANK 3 - SUMP,OILY WATER,PLANT 1 - VAC PAD,,VAC PAD,,,45,,>90%
09/25/2013,LV-2,PLANT 1 - UNIT 039 - FLARE,PLANT 1 - DRUM D-3901 MATERIAL,SOUR WATER,PLANT 1 - DRUM D-3901,,,,,55,,99%
09/25/2013,LV-3,PLANT 1 - UNIT 045 - WASTEWATER PLANT (WWTP),PLANT 1 - 3RD LAGOON,WATER,PLANT 1 - GREEN FRAC TANK BY VAC PAD,,,,,30,,99%
09/25/2013,LV-3,PLANT 1 - UNIT 008 - #1 OMD TANK FARM,PLANT 1 - TANK 67 - WATER DRAW,CAUSTIC AND WATER,PLANT 1 - GREEN FRAC TANK BY VAC PAD,,,,,5,,70-90%
09/25/2013,LV-4,PLANT 1 - UNIT 045 - WASTEWATER PLANT (WWTP),API LIFT STATION,SOLIDS AND WATER,PLANT 1 - CENTRIFUGE FRAC TANKS,,TO,,,15,,70-90%
09/25/2013,LV-5,PLANT 1 - UNIT 045 - WASTEWATER PLANT (WWTP),API LIFT STATION,SOLIDS AND WATER,PLANT 1 - CENTRIFUGE FRAC TANKS,,TO,,,10,,70-90%
09/25/2013,LV-4,PLANT 1 - UNIT 045 - WASTEWATER PLANT (WWTP),PLANT 1 - 3RD LAGOON,WATER,PLANT 1 - VAC PAD,,VAC PAD,,,60,,99%
09/25/2013,LV-5,PLANT 1 - UNIT 045 - WASTEWATER PLANT (WWTP),PLANT 1 - 3RD LAGOON,WATER,PLANT 1 - VAC PAD,,VAC PAD,,,60,,99%
09/25/2013,LV-3,PLANT 1 - UNIT 045 - WASTEWATER PLANT (WWTP),PLANT 1 - 3RD LAGOON,WATER,PLANT 1 - VAC PAD,,VAC PAD,,,60,,99%
09/25/2013,LV-1,PLANT 2 - UNIT 210 - #2 OMD TANK FARM,PLANT 2 - TANK 6 - WATER DRAW,OILY WATER,PLANT 1 - VAC PAD,,VAC PAD,,,60,,99%
09/25/2013,LV-1,PLANT 2 - UNIT 210 - #2 OMD TANK FARM,PLANT 2 - CRUDE DOCKS SUMP,OILY WATER,PLANT 1 - VAC PAD,,VAC PAD,,,1,,99%
09/25/2013,LV-1,PLANT 2 - UNIT 210 - #2 OMD TANK FARM,PLANT 2 - RED DYE CONTAINMENT,STORMWATER,PLANT 1 - VAC PAD,,VAC PAD,,,20,,99%
09/25/2013,LV-1,PLANT 2 - UNIT 210 - #2 OMD TANK FARM,PLANT 2 - LPG ETHANOL DRUMS,ETHANOL,PLANT 1 - VAC PAD,,VAC PAD,,,1,,<10%
09/26/2013,LV-7,PLANT 1 - NORTH OF THE FENCELINE,PLANT 1 - NORTH OF THE FENCELINE,OILY WATER,PLANT 1 - VAC PAD,,VAC PAD,,,40,,>90%
09/26/2013,LV-5,PLANT 1 - UNIT 045 - WASTEWATER PLANT (WWTP),PLANT 1 - TANK 27 - WATER DRAW,WATER,PLANT 1 - VAC PAD,,VAC PAD,,,10,,99%
09/26/2013,LV-5,PLANT 1 - UNIT 045 - WASTEWATER PLANT (WWTP),PLANT 1 - TANK 4513 - WATER DRAW,WATER,PLANT 1 - VAC PAD,,VAC PAD,,,15,,99%
09/26/2013,LV-5,PLANT 1 - UNIT 045 - WASTEWATER PLANT (WWTP),PLANT 1 - TANK 27 - SLUDGE,SLUDGE,PLANT 1 - CENTRIFUGE FRAC TANKS,,TO,,,20,,10-30%
09/26/2013,LV-5,PLANT 1 - UNIT 045 - WASTEWATER PLANT (WWTP),PLANT 1 - TANK 4513 - SLUDGE,SLUDGE,PLANT 1 - CENTRIFUGE FRAC TANKS,,TO,,,25,,10-30%
09/26/2013,LV-5,PLANT 1 - UNIT 045 - WASTEWATER PLANT (WWTP),PLANT 1 - 1ST LAGOON,SLUDGE,PLANT 1 - VAC PAD,,VAC PAD,,,10,,70-90%
09/26/2013,LV-5,PLANT 1 - UNIT 045 - WASTEWATER PLANT (WWTP),PLANT 1 - FINGER LAKE,OILY WATER,PLANT 1 - VAC PAD,,VAC PAD,,,8,,99%
09/26/2013,LV-5,PLANT 1 - UNIT 045 - WASTEWATER PLANT (WWTP),PLANT 1 - TANK 4516 ,OILY WATER,PLANT 1 - VAC PAD,,VAC PAD,,,45,,99%
09/26/2013,LV-5,PLANT 1 - UNIT 045 - WASTEWATER PLANT (WWTP),PLANT 1 - PROOPER PIT,OILY WATER,PLANT 1 - VAC PAD,,VAC PAD,,,5,,99%
09/26/2013,LV-5,PLANT 1 - UNIT 045 - WASTEWATER PLANT (WWTP),PLANT 1 - TANK 4516,OIL,PLANT 1 - CENTRIFUGE FRAC TANKS,,TO,,,250,,<10%
09/26/2013,307162,PLANT 1 - NORTH OF THE FENCELINE,P1 N – Sumps/Wells/Trenches (clean truck),OILY WATER,PLANT 1 - VAC PAD,,VAC PAD,,,400,,99%
09/26/2013,LV-2,DENVER TRUCK TERMINAL,DENVER TERMINAL - 6000 GAL SLOP TANK,OILY WATER,PLANT 1 - VAC PAD,,VAC PAD,,,10,,>90%
09/26/2013,LV-2,DENVER TRUCK TERMINAL,DENVER TERMINAL - 6000 GAL SLOP TANK,DIESEL AND GAS,PLANT 2 - TANK 20,,TANK 20,,,20,,<10%
09/26/2013,LV-2,PLANT 1 - UNIT 008 - #1 OMD TANK FARM,PLANT 1 - CRUDE UNLOADING SUMP,OILY WATER,PLANT 1 - VAC PAD,,VAC PAD,,,15,,>90%
09/26/2013,LV-2,PLANT 1 - STORMWATER,PLANT 1 - PUMP P-803 - AREA,STORMWATER,PLANT 1 - VAC PAD,,VAC PAD,,,3,,99%
09/26/2013,LV-2,PLANT 1 - UNIT 039 - FLARE,PLANT 1 - FLARE SUMP,WATER,PLANT 1 - VAC PAD,,VAC PAD,,,45,,99%
09/26/2013,LV-2,PLANT 1 - UNIT 008 - #1 OMD TANK FARM,PLANT 1 - TANK 3801 - WATER DRAW,OILY WATER,PLANT 1 - VAC PAD,,VAC PAD,,,30,,>90%
09/26/2013,LV-2,PLANT 1 - UNIT 008 - #1 OMD TANK FARM,PLANT 1 - SPIDER BOX OMD,OILY WATER,PLANT 1 - VAC PAD,,VAC PAD,,,60,,>90%
09/26/2013,LV-1,PLANT 1 - STORMWATER,PLANT 1 - FIRE TRAINING,WATER,PLANT 1 - VAC PAD,,VAC PAD,,,360,,99%
09/26/2013,LV-8,PLANT 1 - STORMWATER,PLANT 3 - AU FRAC TANKS,WATER,PLANT 1 - VAC PAD,,VAC PAD,,,400,,99%
09/27/2013,LV-5,PLANT 1 - UNIT 045 - WASTEWATER PLANT (WWTP),PLANT 1 - FRAC TANKS - CENTRIFUGE,OIL,PLANT 1 - CENTRIFUGE FRAC TANKS,,TO,,,60,,<10%
09/27/2013,LV-5,PLANT 1 - UNIT 045 - WASTEWATER PLANT (WWTP),PLANT 1 - 1ST LAGOON,SLUDGE AND WATER,PLANT 1 - VAC PAD,,VAC PAD,,,12,,>90%
